<?xml version="1.0" encoding="UTF-8"?><StructureDefinition xmlns="http://hl7.org/fhir"><id value="fsw-UnderminingLength-model"/><text><status value="generated"/><div xmlns="http://www.w3.org/1999/xhtml">
  <p><b>SW UnderminingLength Logical Model</b></p>
  <p>Undermining of a wound refers to tissue destruction that extends under the intact wound edge. The wound is larger at its base (wound bed) than at the skin surface. With pressure ulcers, undermining may be caused by a bacterial infection or associated with osteomyelitis. - LOINC 72293-4 (Undermining [Length] of Wound</p>
</div></text><url value="http://hl7.org/fhir/us/fsw/StructureDefinition/fsw-UnderminingLength-model"/><identifier><system value="http://hl7.org/fhir/us/fsw"/><value value="fsw.UnderminingLength"/></identifier><version value="1.0.0"/><name value="UnderminingLengthModel"/><title value="SW UnderminingLength Logical Model"/><status value="draft"/><date value="2018-08-21T00:00:00-04:00"/><publisher value="HL7 Patient Care and Clinical Information Modeling Initiative Work Groups"/><contact><telecom><system value="url"/><value value="http://standardhealthrecord.org"/></telecom></contact><description value="Undermining of a wound refers to tissue destruction that extends under the intact wound edge. The wound is larger at its base (wound bed) than at the skin surface. With pressure ulcers, undermining may be caused by a bacterial infection or associated with osteomyelitis. - LOINC 72293-4 (Undermining [Length] of Wound"/><keyword><system value="http://loinc.org"/><code value="89259-6"/></keyword><fhirVersion value="3.0.1"/><kind value="logical"/><abstract value="false"/><type value="fsw-UnderminingLength-model"/><baseDefinition value="http://hl7.org/fhir/StructureDefinition/Element"/><derivation value="specialization"/><snapshot><element id="fsw-UnderminingLength-model"><path value="fsw-UnderminingLength-model"/><definition value="Undermining of a wound refers to tissue destruction that extends under the intact wound edge. The wound is larger at its base (wound bed) than at the skin surface. With pressure ulcers, undermining may be caused by a bacterial infection or associated with osteomyelitis. - LOINC 72293-4 (Undermining [Length] of Wound"/><min value="0"/><max value="*"/><base><path value="fsw-UnderminingLength-model"/><min value="0"/><max value="*"/></base><mustSupport value="false"/><isModifier value="false"/><isSummary value="false"/></element><element id="fsw-UnderminingLength-model.value"><path value="fsw-UnderminingLength-model.value"/><short value="Quantity representing undermining of a wound refers to tissue destruction that extends under the intact wound edge. The wound is larger at its base (wound bed) than at the skin surface. With pressure ulcers, undermining may be caused by a bacterial infection or associated with osteomyelitis. - LOINC 72293-4 (Undermining [Length] of Wound"/><definition value="Quantity representing undermining of a wound refers to tissue destruction that extends under the intact wound edge. The wound is larger at its base (wound bed) than at the skin surface. With pressure ulcers, undermining may be caused by a bacterial infection or associated with osteomyelitis. - LOINC 72293-4 (Undermining [Length] of Wound"/><min value="1"/><max value="1"/><base><path value="fsw-UnderminingLength-model.value"/><min value="1"/><max value="1"/></base><type><code value="http://hl7.org/fhir/us/fsw/StructureDefinition/shr-core-Quantity-model"/></type><mustSupport value="false"/><isModifier value="false"/><isSummary value="false"/></element><element id="fsw-UnderminingLength-model.value.value"><path value="fsw-UnderminingLength-model.value.value"/><short value="Decimal representing a quantity with units, whose value may be bounded from above or below, as defined in FHIR"/><definition value="Decimal representing a quantity with units, whose value may be bounded from above or below, as defined in FHIR"/><min value="0"/><max value="1"/><base><path value="fsw-UnderminingLength-model.value.value"/><min value="0"/><max value="1"/></base><type><code value="decimal"/></type><mustSupport value="false"/><isModifier value="false"/><isSummary value="false"/></element><element id="fsw-UnderminingLength-model.value.comparator"><path value="fsw-UnderminingLength-model.value.comparator"/><short value="Comparator"/><definition value="Comparator"/><min value="0"/><max value="1"/><base><path value="fsw-UnderminingLength-model.value.comparator"/><min value="0"/><max value="1"/></base><type><code value="code"/></type><mustSupport value="false"/><isModifier value="false"/><isSummary value="false"/><binding><strength value="required"/><valueSetReference><reference value="http://hl7.org/fhir/ValueSet/quantity-comparator"/></valueSetReference></binding></element><element id="fsw-UnderminingLength-model.value.units"><path value="fsw-UnderminingLength-model.value.units"/><code><system value="http://ncimeta.nci.nih.gov"/><code value="C0805701"/></code><short value="Code for the unit of measure of the quantity."/><definition value="Code for the unit of measure of the quantity."/><min value="0"/><max value="1"/><base><path value="fsw-UnderminingLength-model.value.units"/><min value="0"/><max value="1"/></base><type><code value="Coding"/></type><mustSupport value="false"/><isModifier value="false"/><isSummary value="false"/></element><element id="fsw-UnderminingLength-model.value.units.id"><path value="fsw-UnderminingLength-model.value.units.id"/><representation value="xmlAttr"/><short value="xml:id (or equivalent in JSON)"/><definition value="unique id for the element within a resource (for internal references). This may be any string value that does not contain spaces."/><min value="0"/><max value="1"/><base><path value="Element.id"/><min value="0"/><max value="1"/></base><type><code value="string"/></type><mapping><identity value="rim"/><map value="n/a"/></mapping></element><element id="fsw-UnderminingLength-model.value.units.extension"><path value="fsw-UnderminingLength-model.value.units.extension"/><slicing><discriminator><type value="value"/><path value="url"/></discriminator><description value="Extensions are always sliced by (at least) url"/><rules value="open"/></slicing><short value="Additional Content defined by implementations"/><definition value="May be used to represent additional information that is not part of the basic definition of the element. In order to make the use of extensions safe and manageable, there is a strict set of governance  applied to the definition and use of extensions. Though any implementer is allowed to define an extension, there is a set of requirements that SHALL be met as part of the definition of the extension."/><comment value="There can be no stigma associated with the use of extensions by any application, project, or standard - regardless of the institution or jurisdiction that uses or defines the extensions.  The use of extensions is what allows the FHIR specification to retain a core level of simplicity for everyone."/><min value="0"/><max value="*"/><base><path value="Element.extension"/><min value="0"/><max value="*"/></base><type><code value="Extension"/></type><mapping><identity value="rim"/><map value="n/a"/></mapping></element><element id="fsw-UnderminingLength-model.value.units.system"><path value="fsw-UnderminingLength-model.value.units.system"/><short value="Identity of the terminology system"/><definition value="The identification of the code system that defines the meaning of the symbol in the code."/><comment value="The URI may be an OID (urn:oid:...) or a UUID (urn:uuid:...).  OIDs and UUIDs SHALL be references to the HL7 OID registry. Otherwise, the URI should come from HL7&#39;s list of FHIR defined special URIs or it should de-reference to some definition that establish the system clearly and unambiguously."/><requirements value="Need to be unambiguous about the source of the definition of the symbol."/><min value="1"/><max value="1"/><base><path value="Coding.system"/><min value="0"/><max value="1"/></base><type><code value="uri"/></type><fixedUri value="http://unitsofmeasure.org"/><isSummary value="true"/><mapping><identity value="v2"/><map value="C*E.3"/></mapping><mapping><identity value="rim"/><map value="./codeSystem"/></mapping><mapping><identity value="orim"/><map value="fhir:Coding.system rdfs:subPropertyOf dt:CDCoding.codeSystem"/></mapping></element><element id="fsw-UnderminingLength-model.value.units.version"><path value="fsw-UnderminingLength-model.value.units.version"/><short value="Version of the system - if relevant"/><definition value="The version of the code system which was used when choosing this code. Note that a well-maintained code system does not need the version reported, because the meaning of codes is consistent across versions. However this cannot consistently be assured. and when the meaning is not guaranteed to be consistent, the version SHOULD be exchanged."/><comment value="Where the terminology does not clearly define what string should be used to identify code system versions, the recommendation is to use the date (expressed in FHIR date format) on which that version was officially published as the version date."/><min value="0"/><max value="1"/><base><path value="Coding.version"/><min value="0"/><max value="1"/></base><type><code value="string"/></type><isSummary value="true"/><mapping><identity value="v2"/><map value="C*E.7"/></mapping><mapping><identity value="rim"/><map value="./codeSystemVersion"/></mapping><mapping><identity value="orim"/><map value="fhir:Coding.version rdfs:subPropertyOf dt:CDCoding.codeSystemVersion"/></mapping></element><element id="fsw-UnderminingLength-model.value.units.code"><path value="fsw-UnderminingLength-model.value.units.code"/><short value="Symbol in syntax defined by the system"/><definition value="A symbol in syntax defined by the system. The symbol may be a predefined code or an expression in a syntax defined by the coding system (e.g. post-coordination)."/><requirements value="Need to refer to a particular code in the system."/><min value="1"/><max value="1"/><base><path value="Coding.code"/><min value="0"/><max value="1"/></base><type><code value="code"/></type><fixedCode value="cm"/><isSummary value="true"/><mapping><identity value="v2"/><map value="C*E.1"/></mapping><mapping><identity value="rim"/><map value="./code"/></mapping><mapping><identity value="orim"/><map value="fhir:Coding.code rdfs:subPropertyOf dt:CDCoding.code"/></mapping></element><element id="fsw-UnderminingLength-model.value.units.display"><extension url="http://hl7.org/fhir/StructureDefinition/elementdefinition-translatable"><valueBoolean value="true"/></extension><path value="fsw-UnderminingLength-model.value.units.display"/><short value="Representation defined by the system"/><definition value="A representation of the meaning of the code in the system, following the rules of the system."/><requirements value="Need to be able to carry a human-readable meaning of the code for readers that do not know  the system."/><min value="0"/><max value="1"/><base><path value="Coding.display"/><min value="0"/><max value="1"/></base><type><code value="string"/></type><isSummary value="true"/><mapping><identity value="v2"/><map value="C*E.2 - but note this is not well followed"/></mapping><mapping><identity value="rim"/><map value="CV.displayName"/></mapping><mapping><identity value="orim"/><map value="fhir:Coding.display rdfs:subPropertyOf dt:CDCoding.displayName"/></mapping></element><element id="fsw-UnderminingLength-model.value.units.userSelected"><path value="fsw-UnderminingLength-model.value.units.userSelected"/><short value="If this coding was chosen directly by the user"/><definition value="Indicates that this coding was chosen by a user directly - i.e. off a pick list of available items (codes or displays)."/><comment value="Amongst a set of alternatives, a directly chosen code is the most appropriate starting point for new translations. There is some ambiguity about what exactly &#39;directly chosen&#39; implies, and trading partner agreement may be needed to clarify the use of this element and its consequences more completely."/><requirements value="This has been identified as a clinical safety criterium - that this exact system/code pair was chosen explicitly, rather than inferred by the system based on some rules or language processing."/><min value="0"/><max value="1"/><base><path value="Coding.userSelected"/><min value="0"/><max value="1"/></base><type><code value="boolean"/></type><isSummary value="true"/><mapping><identity value="v2"/><map value="Sometimes implied by being first"/></mapping><mapping><identity value="rim"/><map value="CD.codingRationale"/></mapping><mapping><identity value="orim"/><map value="fhir:Coding.userSelected fhir:mapsTo dt:CDCoding.codingRationale. fhir:Coding.userSelected fhir:hasMap fhir:Coding.userSelected.map. fhir:Coding.userSelected.map a fhir:Map;   fhir:target dt:CDCoding.codingRationale. fhir:Coding.userSelected\#true a [     fhir:source &quot;true&quot;;     fhir:target dt:CDCoding.codingRationale\#O   ]"/></mapping></element><element id="fsw-UnderminingLength-model.topicCode"><path value="fsw-UnderminingLength-model.topicCode"/><short value="The concept representing the finding or action that is the topic of the statement."/><definition value="The concept representing the finding or action that is the topic of the statement.&#xA;For action topics, the TopicCode represents the action being described. For findings, the TopicCode represents the &#39;question&#39; or property being investigated. For evaluation result findings, the TopicCode contains a concept for an observable entity, such as systolic blood pressure. For assertion findings, the TopicCode contains a code representing the condition, allergy, or other item being asserted. In all cases, the TopicCode describes the topic  of the action or the finding."/><min value="0"/><max value="1"/><base><path value="fsw-UnderminingLength-model.topicCode"/><min value="0"/><max value="1"/></base><type><code value="Coding"/></type><mustSupport value="false"/><isModifier value="false"/><isSummary value="false"/></element><element id="fsw-UnderminingLength-model.exceptionValue"><path value="fsw-UnderminingLength-model.exceptionValue"/><short value="A value describing the reason for a missing value."/><definition value="A value describing the reason for a missing value."/><min value="0"/><max value="1"/><base><path value="fsw-UnderminingLength-model.exceptionValue"/><min value="0"/><max value="1"/></base><type><code value="Coding"/></type><mustSupport value="false"/><isModifier value="false"/><isSummary value="false"/><binding><strength value="extensible"/><valueSetReference><reference value="http://hl7.org/fhir/ValueSet/data-absent-reason"/></valueSetReference></binding></element><element id="fsw-UnderminingLength-model.interpretation"><path value="fsw-UnderminingLength-model.interpretation"/><short value="Description"/><definition value="Description"/><min value="0"/><max value="1"/><base><path value="fsw-UnderminingLength-model.interpretation"/><min value="0"/><max value="1"/></base><type><code value="Coding"/></type><mustSupport value="false"/><isModifier value="false"/><isSummary value="false"/></element></snapshot><differential><element id="fsw-UnderminingLength-model"><path value="fsw-UnderminingLength-model"/><definition value="Undermining of a wound refers to tissue destruction that extends under the intact wound edge. The wound is larger at its base (wound bed) than at the skin surface. With pressure ulcers, undermining may be caused by a bacterial infection or associated with osteomyelitis. - LOINC 72293-4 (Undermining [Length] of Wound"/><min value="0"/><max value="*"/><base><path value="fsw-UnderminingLength-model"/><min value="0"/><max value="*"/></base><mustSupport value="false"/><isModifier value="false"/><isSummary value="false"/></element><element id="fsw-UnderminingLength-model.value"><path value="fsw-UnderminingLength-model.value"/><short value="Quantity representing undermining of a wound refers to tissue destruction that extends under the intact wound edge. The wound is larger at its base (wound bed) than at the skin surface. With pressure ulcers, undermining may be caused by a bacterial infection or associated with osteomyelitis. - LOINC 72293-4 (Undermining [Length] of Wound"/><definition value="Quantity representing undermining of a wound refers to tissue destruction that extends under the intact wound edge. The wound is larger at its base (wound bed) than at the skin surface. With pressure ulcers, undermining may be caused by a bacterial infection or associated with osteomyelitis. - LOINC 72293-4 (Undermining [Length] of Wound"/><min value="1"/><max value="1"/><base><path value="fsw-UnderminingLength-model.value"/><min value="1"/><max value="1"/></base><type><code value="http://hl7.org/fhir/us/fsw/StructureDefinition/shr-core-Quantity-model"/></type><mustSupport value="false"/><isModifier value="false"/><isSummary value="false"/></element><element id="fsw-UnderminingLength-model.value.value"><path value="fsw-UnderminingLength-model.value.value"/><short value="Decimal representing a quantity with units, whose value may be bounded from above or below, as defined in FHIR"/><definition value="Decimal representing a quantity with units, whose value may be bounded from above or below, as defined in FHIR"/><min value="0"/><max value="1"/><base><path value="fsw-UnderminingLength-model.value.value"/><min value="0"/><max value="1"/></base><type><code value="decimal"/></type><mustSupport value="false"/><isModifier value="false"/><isSummary value="false"/></element><element id="fsw-UnderminingLength-model.value.comparator"><path value="fsw-UnderminingLength-model.value.comparator"/><short value="Comparator"/><definition value="Comparator"/><min value="0"/><max value="1"/><base><path value="fsw-UnderminingLength-model.value.comparator"/><min value="0"/><max value="1"/></base><type><code value="code"/></type><mustSupport value="false"/><isModifier value="false"/><isSummary value="false"/><binding><strength value="required"/><valueSetReference><reference value="http://hl7.org/fhir/ValueSet/quantity-comparator"/></valueSetReference></binding></element><element id="fsw-UnderminingLength-model.value.units"><path value="fsw-UnderminingLength-model.value.units"/><code><system value="http://ncimeta.nci.nih.gov"/><code value="C0805701"/></code><short value="Code for the unit of measure of the quantity."/><definition value="Code for the unit of measure of the quantity."/><min value="0"/><max value="1"/><base><path value="fsw-UnderminingLength-model.value.units"/><min value="0"/><max value="1"/></base><type><code value="Coding"/></type><mustSupport value="false"/><isModifier value="false"/><isSummary value="false"/></element><element id="fsw-UnderminingLength-model.value.units.id"><path value="fsw-UnderminingLength-model.value.units.id"/><representation value="xmlAttr"/><short value="xml:id (or equivalent in JSON)"/><definition value="unique id for the element within a resource (for internal references). This may be any string value that does not contain spaces."/><min value="0"/><max value="1"/><base><path value="Element.id"/><min value="0"/><max value="1"/></base><type><code value="string"/></type><mapping><identity value="rim"/><map value="n/a"/></mapping></element><element id="fsw-UnderminingLength-model.value.units.extension"><path value="fsw-UnderminingLength-model.value.units.extension"/><slicing><discriminator><type value="value"/><path value="url"/></discriminator><description value="Extensions are always sliced by (at least) url"/><rules value="open"/></slicing><short value="Additional Content defined by implementations"/><definition value="May be used to represent additional information that is not part of the basic definition of the element. In order to make the use of extensions safe and manageable, there is a strict set of governance  applied to the definition and use of extensions. Though any implementer is allowed to define an extension, there is a set of requirements that SHALL be met as part of the definition of the extension."/><comment value="There can be no stigma associated with the use of extensions by any application, project, or standard - regardless of the institution or jurisdiction that uses or defines the extensions.  The use of extensions is what allows the FHIR specification to retain a core level of simplicity for everyone."/><min value="0"/><max value="*"/><base><path value="Element.extension"/><min value="0"/><max value="*"/></base><type><code value="Extension"/></type><mapping><identity value="rim"/><map value="n/a"/></mapping></element><element id="fsw-UnderminingLength-model.value.units.system"><path value="fsw-UnderminingLength-model.value.units.system"/><short value="Identity of the terminology system"/><definition value="The identification of the code system that defines the meaning of the symbol in the code."/><comment value="The URI may be an OID (urn:oid:...) or a UUID (urn:uuid:...).  OIDs and UUIDs SHALL be references to the HL7 OID registry. Otherwise, the URI should come from HL7&#39;s list of FHIR defined special URIs or it should de-reference to some definition that establish the system clearly and unambiguously."/><requirements value="Need to be unambiguous about the source of the definition of the symbol."/><min value="1"/><max value="1"/><base><path value="Coding.system"/><min value="0"/><max value="1"/></base><type><code value="uri"/></type><fixedUri value="http://unitsofmeasure.org"/><isSummary value="true"/><mapping><identity value="v2"/><map value="C*E.3"/></mapping><mapping><identity value="rim"/><map value="./codeSystem"/></mapping><mapping><identity value="orim"/><map value="fhir:Coding.system rdfs:subPropertyOf dt:CDCoding.codeSystem"/></mapping></element><element id="fsw-UnderminingLength-model.value.units.version"><path value="fsw-UnderminingLength-model.value.units.version"/><short value="Version of the system - if relevant"/><definition value="The version of the code system which was used when choosing this code. Note that a well-maintained code system does not need the version reported, because the meaning of codes is consistent across versions. However this cannot consistently be assured. and when the meaning is not guaranteed to be consistent, the version SHOULD be exchanged."/><comment value="Where the terminology does not clearly define what string should be used to identify code system versions, the recommendation is to use the date (expressed in FHIR date format) on which that version was officially published as the version date."/><min value="0"/><max value="1"/><base><path value="Coding.version"/><min value="0"/><max value="1"/></base><type><code value="string"/></type><isSummary value="true"/><mapping><identity value="v2"/><map value="C*E.7"/></mapping><mapping><identity value="rim"/><map value="./codeSystemVersion"/></mapping><mapping><identity value="orim"/><map value="fhir:Coding.version rdfs:subPropertyOf dt:CDCoding.codeSystemVersion"/></mapping></element><element id="fsw-UnderminingLength-model.value.units.code"><path value="fsw-UnderminingLength-model.value.units.code"/><short value="Symbol in syntax defined by the system"/><definition value="A symbol in syntax defined by the system. The symbol may be a predefined code or an expression in a syntax defined by the coding system (e.g. post-coordination)."/><requirements value="Need to refer to a particular code in the system."/><min value="1"/><max value="1"/><base><path value="Coding.code"/><min value="0"/><max value="1"/></base><type><code value="code"/></type><fixedCode value="cm"/><isSummary value="true"/><mapping><identity value="v2"/><map value="C*E.1"/></mapping><mapping><identity value="rim"/><map value="./code"/></mapping><mapping><identity value="orim"/><map value="fhir:Coding.code rdfs:subPropertyOf dt:CDCoding.code"/></mapping></element><element id="fsw-UnderminingLength-model.value.units.display"><extension url="http://hl7.org/fhir/StructureDefinition/elementdefinition-translatable"><valueBoolean value="true"/></extension><path value="fsw-UnderminingLength-model.value.units.display"/><short value="Representation defined by the system"/><definition value="A representation of the meaning of the code in the system, following the rules of the system."/><requirements value="Need to be able to carry a human-readable meaning of the code for readers that do not know  the system."/><min value="0"/><max value="1"/><base><path value="Coding.display"/><min value="0"/><max value="1"/></base><type><code value="string"/></type><isSummary value="true"/><mapping><identity value="v2"/><map value="C*E.2 - but note this is not well followed"/></mapping><mapping><identity value="rim"/><map value="CV.displayName"/></mapping><mapping><identity value="orim"/><map value="fhir:Coding.display rdfs:subPropertyOf dt:CDCoding.displayName"/></mapping></element><element id="fsw-UnderminingLength-model.value.units.userSelected"><path value="fsw-UnderminingLength-model.value.units.userSelected"/><short value="If this coding was chosen directly by the user"/><definition value="Indicates that this coding was chosen by a user directly - i.e. off a pick list of available items (codes or displays)."/><comment value="Amongst a set of alternatives, a directly chosen code is the most appropriate starting point for new translations. There is some ambiguity about what exactly &#39;directly chosen&#39; implies, and trading partner agreement may be needed to clarify the use of this element and its consequences more completely."/><requirements value="This has been identified as a clinical safety criterium - that this exact system/code pair was chosen explicitly, rather than inferred by the system based on some rules or language processing."/><min value="0"/><max value="1"/><base><path value="Coding.userSelected"/><min value="0"/><max value="1"/></base><type><code value="boolean"/></type><isSummary value="true"/><mapping><identity value="v2"/><map value="Sometimes implied by being first"/></mapping><mapping><identity value="rim"/><map value="CD.codingRationale"/></mapping><mapping><identity value="orim"/><map value="fhir:Coding.userSelected fhir:mapsTo dt:CDCoding.codingRationale. fhir:Coding.userSelected fhir:hasMap fhir:Coding.userSelected.map. fhir:Coding.userSelected.map a fhir:Map;   fhir:target dt:CDCoding.codingRationale. fhir:Coding.userSelected\#true a [     fhir:source &quot;true&quot;;     fhir:target dt:CDCoding.codingRationale\#O   ]"/></mapping></element><element id="fsw-UnderminingLength-model.topicCode"><path value="fsw-UnderminingLength-model.topicCode"/><short value="The concept representing the finding or action that is the topic of the statement."/><definition value="The concept representing the finding or action that is the topic of the statement.&#xA;For action topics, the TopicCode represents the action being described. For findings, the TopicCode represents the &#39;question&#39; or property being investigated. For evaluation result findings, the TopicCode contains a concept for an observable entity, such as systolic blood pressure. For assertion findings, the TopicCode contains a code representing the condition, allergy, or other item being asserted. In all cases, the TopicCode describes the topic  of the action or the finding."/><min value="0"/><max value="1"/><base><path value="fsw-UnderminingLength-model.topicCode"/><min value="0"/><max value="1"/></base><type><code value="Coding"/></type><mustSupport value="false"/><isModifier value="false"/><isSummary value="false"/></element><element id="fsw-UnderminingLength-model.exceptionValue"><path value="fsw-UnderminingLength-model.exceptionValue"/><short value="A value describing the reason for a missing value."/><definition value="A value describing the reason for a missing value."/><min value="0"/><max value="1"/><base><path value="fsw-UnderminingLength-model.exceptionValue"/><min value="0"/><max value="1"/></base><type><code value="Coding"/></type><mustSupport value="false"/><isModifier value="false"/><isSummary value="false"/><binding><strength value="extensible"/><valueSetReference><reference value="http://hl7.org/fhir/ValueSet/data-absent-reason"/></valueSetReference></binding></element><element id="fsw-UnderminingLength-model.interpretation"><path value="fsw-UnderminingLength-model.interpretation"/><short value="Description"/><definition value="Description"/><min value="0"/><max value="1"/><base><path value="fsw-UnderminingLength-model.interpretation"/><min value="0"/><max value="1"/></base><type><code value="Coding"/></type><mustSupport value="false"/><isModifier value="false"/><isSummary value="false"/></element></differential></StructureDefinition>