<?xml version="1.0" encoding="UTF-8"?><StructureDefinition xmlns="http://hl7.org/fhir"><id value="fsw-DateTimeIssued-model"/><text><status value="generated"/><div xmlns="http://www.w3.org/1999/xhtml">
  <p><b>SW DateTimeIssued Logical Model</b></p>
  <p>Description</p>
</div></text><url value="http://hl7.org/fhir/us/fsw/StructureDefinition/fsw-DateTimeIssued-model"/><identifier><system value="http://hl7.org/fhir/us/fsw"/><value value="fsw.DateTimeIssued"/></identifier><version value="1.0.0"/><name value="DateTimeIssuedModel"/><title value="SW DateTimeIssued Logical Model"/><status value="draft"/><date value="2018-08-21T00:00:00-04:00"/><publisher value="HL7 Patient Care and Clinical Information Modeling Initiative Work Groups"/><contact><telecom><system value="url"/><value value="http://standardhealthrecord.org"/></telecom></contact><description value="Description"/><fhirVersion value="3.0.1"/><kind value="logical"/><abstract value="false"/><type value="fsw-DateTimeIssued-model"/><baseDefinition value="http://hl7.org/fhir/StructureDefinition/Element"/><derivation value="specialization"/><snapshot><element id="fsw-DateTimeIssued-model"><path value="fsw-DateTimeIssued-model"/><definition value="Description"/><min value="0"/><max value="*"/><base><path value="fsw-DateTimeIssued-model"/><min value="0"/><max value="*"/></base><mustSupport value="false"/><isModifier value="false"/><isSummary value="false"/></element><element id="fsw-DateTimeIssued-model.value"><path value="fsw-DateTimeIssued-model.value"/><short value="DateTime representing description"/><definition value="DateTime representing description"/><min value="1"/><max value="1"/><base><path value="fsw-DateTimeIssued-model.value"/><min value="1"/><max value="1"/></base><type><code value="dateTime"/></type><mustSupport value="false"/><isModifier value="false"/><isSummary value="false"/></element></snapshot><differential><element id="fsw-DateTimeIssued-model"><path value="fsw-DateTimeIssued-model"/><definition value="Description"/><min value="0"/><max value="*"/><base><path value="fsw-DateTimeIssued-model"/><min value="0"/><max value="*"/></base><mustSupport value="false"/><isModifier value="false"/><isSummary value="false"/></element><element id="fsw-DateTimeIssued-model.value"><path value="fsw-DateTimeIssued-model.value"/><short value="DateTime representing description"/><definition value="DateTime representing description"/><min value="1"/><max value="1"/><base><path value="fsw-DateTimeIssued-model.value"/><min value="1"/><max value="1"/></base><type><code value="dateTime"/></type><mustSupport value="false"/><isModifier value="false"/><isSummary value="false"/></element></differential></StructureDefinition>