<?xml version="1.0" encoding="UTF-8"?><StructureDefinition xmlns="http://hl7.org/fhir"><id value="fsw-WoundExudate-model"/><text><status value="generated"/><div xmlns="http://www.w3.org/1999/xhtml">
  <p><b>SW WoundExudate Logical Model</b></p>
  <p>- LOINC 72292-6 (Wound exudate panel)</p>
</div></text><url value="http://hl7.org/fhir/us/fsw/StructureDefinition/fsw-WoundExudate-model"/><identifier><system value="http://hl7.org/fhir/us/fsw"/><value value="fsw.WoundExudate"/></identifier><version value="1.0.0"/><name value="WoundExudateModel"/><title value="SW WoundExudate Logical Model"/><status value="draft"/><date value="2018-08-21T00:00:00-04:00"/><publisher value="HL7 Patient Care and Clinical Information Modeling Initiative Work Groups"/><contact><telecom><system value="url"/><value value="http://standardhealthrecord.org"/></telecom></contact><description value="- LOINC 72292-6 (Wound exudate panel)"/><keyword><system value="http://loinc.org"/><code value="72287-6"/><display value="LNC#72287-6"/></keyword><fhirVersion value="3.0.1"/><kind value="logical"/><abstract value="false"/><type value="fsw-WoundExudate-model"/><baseDefinition value="http://hl7.org/fhir/StructureDefinition/Element"/><derivation value="specialization"/><snapshot><element id="fsw-WoundExudate-model"><path value="fsw-WoundExudate-model"/><definition value="- LOINC 72292-6 (Wound exudate panel)"/><min value="0"/><max value="*"/><base><path value="fsw-WoundExudate-model"/><min value="0"/><max value="*"/></base><mustSupport value="false"/><isModifier value="false"/><isSummary value="false"/></element><element id="fsw-WoundExudate-model.value[x]"><path value="fsw-WoundExudate-model.value[x]"/><short value="Code or Quantity representing - LOINC 72292-6 (Wound exudate panel)"/><definition value="Code or Quantity representing - LOINC 72292-6 (Wound exudate panel)"/><min value="1"/><max value="1"/><base><path value="fsw-WoundExudate-model.value[x]"/><min value="1"/><max value="1"/></base><type><code value="Coding"/></type><type><code value="http://hl7.org/fhir/us/fsw/StructureDefinition/shr-core-Quantity-model"/></type><mustSupport value="false"/><isModifier value="false"/><isSummary value="false"/></element><element id="fsw-WoundExudate-model.comment"><path value="fsw-WoundExudate-model.comment"/><short value="Description"/><definition value="Description"/><min value="0"/><max value="1"/><base><path value="fsw-WoundExudate-model.comment"/><min value="0"/><max value="1"/></base><type><code value="string"/></type><mustSupport value="false"/><isModifier value="false"/><isSummary value="false"/></element><element id="fsw-WoundExudate-model.topicCode"><path value="fsw-WoundExudate-model.topicCode"/><short value="The concept representing the finding or action that is the topic of the statement."/><definition value="The concept representing the finding or action that is the topic of the statement.&#xA;For action topics, the TopicCode represents the action being described. For findings, the TopicCode represents the &#39;question&#39; or property being investigated. For evaluation result findings, the TopicCode contains a concept for an observable entity, such as systolic blood pressure. For assertion findings, the TopicCode contains a code representing the condition, allergy, or other item being asserted. In all cases, the TopicCode describes the topic  of the action or the finding."/><min value="1"/><max value="1"/><base><path value="fsw-WoundExudate-model.topicCode"/><min value="1"/><max value="1"/></base><type><code value="Coding"/></type><mustSupport value="false"/><isModifier value="false"/><isSummary value="false"/></element><element id="fsw-WoundExudate-model.category"><path value="fsw-WoundExudate-model.category"/><short value="Description"/><definition value="Description"/><min value="0"/><max value="1"/><base><path value="fsw-WoundExudate-model.category"/><min value="0"/><max value="1"/></base><type><code value="Coding"/></type><mustSupport value="false"/><isModifier value="false"/><isSummary value="false"/></element><element id="fsw-WoundExudate-model.dataAbsentReason"><path value="fsw-WoundExudate-model.dataAbsentReason"/><short value="Description"/><definition value="Description"/><min value="0"/><max value="1"/><base><path value="fsw-WoundExudate-model.dataAbsentReason"/><min value="0"/><max value="1"/></base><type><code value="Coding"/></type><mustSupport value="false"/><isModifier value="false"/><isSummary value="false"/></element><element id="fsw-WoundExudate-model.dateTime"><path value="fsw-WoundExudate-model.dateTime"/><short value="Description"/><definition value="Description"/><min value="0"/><max value="1"/><base><path value="fsw-WoundExudate-model.dateTime"/><min value="0"/><max value="1"/></base><type><code value="dateTime"/></type><mustSupport value="false"/><isModifier value="false"/><isSummary value="false"/></element><element id="fsw-WoundExudate-model.dateTimeIssued"><path value="fsw-WoundExudate-model.dateTimeIssued"/><short value="Description"/><definition value="Description"/><min value="0"/><max value="1"/><base><path value="fsw-WoundExudate-model.dateTimeIssued"/><min value="0"/><max value="1"/></base><type><code value="dateTime"/></type><mustSupport value="false"/><isModifier value="false"/><isSummary value="false"/></element><element id="fsw-WoundExudate-model.description"><path value="fsw-WoundExudate-model.description"/><short value="Description"/><definition value="Description"/><min value="0"/><max value="1"/><base><path value="fsw-WoundExudate-model.description"/><min value="0"/><max value="1"/></base><type><code value="http://hl7.org/fhir/us/fsw/StructureDefinition/shr-base-Narrative-model"/></type><mustSupport value="false"/><isModifier value="false"/><isSummary value="false"/></element><element id="fsw-WoundExudate-model.evaluationComponent"><path value="fsw-WoundExudate-model.evaluationComponent"/><short value="A simplified, non-separable evaluation consisting of a finding code (represented by the Concept), value (or exception value), reference range, and interpretation. The subject of the evaluation component is the same as in the parent evaluation."/><definition value="A simplified, non-separable evaluation consisting of a finding code (represented by the Concept), value (or exception value), reference range, and interpretation. The subject of the evaluation component is the same as in the parent evaluation."/><min value="0"/><max value="1"/><base><path value="fsw-WoundExudate-model.evaluationComponent"/><min value="0"/><max value="1"/></base><mustSupport value="false"/><isModifier value="false"/><isSummary value="false"/></element><element id="fsw-WoundExudate-model.evaluationComponent.exudateAppearance"><path value="fsw-WoundExudate-model.evaluationComponent.exudateAppearance"/><code><system value="http://loinc.org"/><code value="72290-0"/></code><short value="- LOINC 72290-0 (Appearance of Exudate from wound)"/><definition value="- LOINC 72290-0 (Appearance of Exudate from wound)"/><min value="0"/><max value="1"/><base><path value="fsw-WoundExudate-model.evaluationComponent.exudateAppearance"/><min value="0"/><max value="1"/></base><type><code value="http://hl7.org/fhir/us/fsw/StructureDefinition/fsw-ExudateAppearance-model"/></type><mustSupport value="false"/><isModifier value="false"/><isSummary value="false"/></element><element id="fsw-WoundExudate-model.evaluationComponent.woundExudateColor"><path value="fsw-WoundExudate-model.evaluationComponent.woundExudateColor"/><code><system value="http://loinc.org"/><code value="72289-2"/></code><short value="- LOINC 72289-2 (Color of Exudate from wound)"/><definition value="- LOINC 72289-2 (Color of Exudate from wound)"/><min value="0"/><max value="1"/><base><path value="fsw-WoundExudate-model.evaluationComponent.woundExudateColor"/><min value="0"/><max value="1"/></base><type><code value="http://hl7.org/fhir/us/fsw/StructureDefinition/fsw-WoundExudateColor-model"/></type><mustSupport value="false"/><isModifier value="false"/><isSummary value="false"/></element><element id="fsw-WoundExudate-model.evaluationComponent.drainageAmount"><path value="fsw-WoundExudate-model.evaluationComponent.drainageAmount"/><code><system value="http://loinc.org"/><code value="39116-9"/></code><short value="- LOINC 39116-9 (Drainage amount of Wound)"/><definition value="- LOINC 39116-9 (Drainage amount of Wound)"/><min value="0"/><max value="1"/><base><path value="fsw-WoundExudate-model.evaluationComponent.drainageAmount"/><min value="0"/><max value="1"/></base><type><code value="http://hl7.org/fhir/us/fsw/StructureDefinition/fsw-DrainageAmount-model"/></type><mustSupport value="false"/><isModifier value="false"/><isSummary value="false"/></element><element id="fsw-WoundExudate-model.evaluationComponent.odor"><path value="fsw-WoundExudate-model.evaluationComponent.odor"/><code><system value="http://loinc.org"/><code value="72288-4"/></code><short value="- LOINC 72288-4 (Odor of Exudate from wound)"/><definition value="- LOINC 72288-4 (Odor of Exudate from wound)"/><min value="0"/><max value="1"/><base><path value="fsw-WoundExudate-model.evaluationComponent.odor"/><min value="0"/><max value="1"/></base><type><code value="http://hl7.org/fhir/us/fsw/StructureDefinition/fsw-Odor-model"/></type><mustSupport value="false"/><isModifier value="false"/><isSummary value="false"/></element><element id="fsw-WoundExudate-model.interpretation"><path value="fsw-WoundExudate-model.interpretation"/><short value="Description"/><definition value="Description"/><min value="0"/><max value="1"/><base><path value="fsw-WoundExudate-model.interpretation"/><min value="0"/><max value="1"/></base><type><code value="Coding"/></type><mustSupport value="false"/><isModifier value="false"/><isSummary value="false"/></element><element id="fsw-WoundExudate-model.method"><path value="fsw-WoundExudate-model.method"/><short value="Description"/><definition value="Description"/><min value="0"/><max value="1"/><base><path value="fsw-WoundExudate-model.method"/><min value="0"/><max value="1"/></base><type><code value="Coding"/></type><mustSupport value="false"/><isModifier value="false"/><isSummary value="false"/></element><element id="fsw-WoundExudate-model.resultStatus"><path value="fsw-WoundExudate-model.resultStatus"/><short value="Description"/><definition value="Description"/><min value="1"/><max value="1"/><base><path value="fsw-WoundExudate-model.resultStatus"/><min value="1"/><max value="1"/></base><type><code value="Coding"/></type><mustSupport value="false"/><isModifier value="false"/><isSummary value="false"/><binding><strength value="required"/><valueSetReference><reference value="http://hl7.org/fhir/ValueSet/observation-status"/></valueSetReference></binding></element><element id="fsw-WoundExudate-model.panelMembers"><path value="fsw-WoundExudate-model.panelMembers"/><short value="PanelMembers represent the elements of a group of a related but independent evaluations."/><definition value="PanelMembers represent the elements of a group of a related but independent evaluations.&#xA;Examples are the measurements that compose a complete blood count (CBC), or the elements of a pathology report. Each member is an independent evaluation, but the grouping reflects a composite lab order, shared specimen, or a single report author. Typically the Category and Reason are not given for individual findings that are part of the panel, but rather given at the level of the panel itself."/><min value="0"/><max value="0"/><base><path value="fsw-WoundExudate-model.panelMembers"/><min value="0"/><max value="0"/></base><type><code value="http://hl7.org/fhir/us/fsw/StructureDefinition/fsw-PanelMembers-model"/></type><mustSupport value="false"/><isModifier value="false"/><isSummary value="false"/></element></snapshot><differential><element id="fsw-WoundExudate-model"><path value="fsw-WoundExudate-model"/><definition value="- LOINC 72292-6 (Wound exudate panel)"/><min value="0"/><max value="*"/><base><path value="fsw-WoundExudate-model"/><min value="0"/><max value="*"/></base><mustSupport value="false"/><isModifier value="false"/><isSummary value="false"/></element><element id="fsw-WoundExudate-model.value[x]"><path value="fsw-WoundExudate-model.value[x]"/><short value="Code or Quantity representing - LOINC 72292-6 (Wound exudate panel)"/><definition value="Code or Quantity representing - LOINC 72292-6 (Wound exudate panel)"/><min value="1"/><max value="1"/><base><path value="fsw-WoundExudate-model.value[x]"/><min value="1"/><max value="1"/></base><type><code value="Coding"/></type><type><code value="http://hl7.org/fhir/us/fsw/StructureDefinition/shr-core-Quantity-model"/></type><mustSupport value="false"/><isModifier value="false"/><isSummary value="false"/></element><element id="fsw-WoundExudate-model.comment"><path value="fsw-WoundExudate-model.comment"/><short value="Description"/><definition value="Description"/><min value="0"/><max value="1"/><base><path value="fsw-WoundExudate-model.comment"/><min value="0"/><max value="1"/></base><type><code value="string"/></type><mustSupport value="false"/><isModifier value="false"/><isSummary value="false"/></element><element id="fsw-WoundExudate-model.topicCode"><path value="fsw-WoundExudate-model.topicCode"/><short value="The concept representing the finding or action that is the topic of the statement."/><definition value="The concept representing the finding or action that is the topic of the statement.&#xA;For action topics, the TopicCode represents the action being described. For findings, the TopicCode represents the &#39;question&#39; or property being investigated. For evaluation result findings, the TopicCode contains a concept for an observable entity, such as systolic blood pressure. For assertion findings, the TopicCode contains a code representing the condition, allergy, or other item being asserted. In all cases, the TopicCode describes the topic  of the action or the finding."/><min value="1"/><max value="1"/><base><path value="fsw-WoundExudate-model.topicCode"/><min value="1"/><max value="1"/></base><type><code value="Coding"/></type><mustSupport value="false"/><isModifier value="false"/><isSummary value="false"/></element><element id="fsw-WoundExudate-model.category"><path value="fsw-WoundExudate-model.category"/><short value="Description"/><definition value="Description"/><min value="0"/><max value="1"/><base><path value="fsw-WoundExudate-model.category"/><min value="0"/><max value="1"/></base><type><code value="Coding"/></type><mustSupport value="false"/><isModifier value="false"/><isSummary value="false"/></element><element id="fsw-WoundExudate-model.dataAbsentReason"><path value="fsw-WoundExudate-model.dataAbsentReason"/><short value="Description"/><definition value="Description"/><min value="0"/><max value="1"/><base><path value="fsw-WoundExudate-model.dataAbsentReason"/><min value="0"/><max value="1"/></base><type><code value="Coding"/></type><mustSupport value="false"/><isModifier value="false"/><isSummary value="false"/></element><element id="fsw-WoundExudate-model.dateTime"><path value="fsw-WoundExudate-model.dateTime"/><short value="Description"/><definition value="Description"/><min value="0"/><max value="1"/><base><path value="fsw-WoundExudate-model.dateTime"/><min value="0"/><max value="1"/></base><type><code value="dateTime"/></type><mustSupport value="false"/><isModifier value="false"/><isSummary value="false"/></element><element id="fsw-WoundExudate-model.dateTimeIssued"><path value="fsw-WoundExudate-model.dateTimeIssued"/><short value="Description"/><definition value="Description"/><min value="0"/><max value="1"/><base><path value="fsw-WoundExudate-model.dateTimeIssued"/><min value="0"/><max value="1"/></base><type><code value="dateTime"/></type><mustSupport value="false"/><isModifier value="false"/><isSummary value="false"/></element><element id="fsw-WoundExudate-model.description"><path value="fsw-WoundExudate-model.description"/><short value="Description"/><definition value="Description"/><min value="0"/><max value="1"/><base><path value="fsw-WoundExudate-model.description"/><min value="0"/><max value="1"/></base><type><code value="http://hl7.org/fhir/us/fsw/StructureDefinition/shr-base-Narrative-model"/></type><mustSupport value="false"/><isModifier value="false"/><isSummary value="false"/></element><element id="fsw-WoundExudate-model.evaluationComponent"><path value="fsw-WoundExudate-model.evaluationComponent"/><short value="A simplified, non-separable evaluation consisting of a finding code (represented by the Concept), value (or exception value), reference range, and interpretation. The subject of the evaluation component is the same as in the parent evaluation."/><definition value="A simplified, non-separable evaluation consisting of a finding code (represented by the Concept), value (or exception value), reference range, and interpretation. The subject of the evaluation component is the same as in the parent evaluation."/><min value="0"/><max value="1"/><base><path value="fsw-WoundExudate-model.evaluationComponent"/><min value="0"/><max value="1"/></base><mustSupport value="false"/><isModifier value="false"/><isSummary value="false"/></element><element id="fsw-WoundExudate-model.evaluationComponent.exudateAppearance"><path value="fsw-WoundExudate-model.evaluationComponent.exudateAppearance"/><code><system value="http://loinc.org"/><code value="72290-0"/></code><short value="- LOINC 72290-0 (Appearance of Exudate from wound)"/><definition value="- LOINC 72290-0 (Appearance of Exudate from wound)"/><min value="0"/><max value="1"/><base><path value="fsw-WoundExudate-model.evaluationComponent.exudateAppearance"/><min value="0"/><max value="1"/></base><type><code value="http://hl7.org/fhir/us/fsw/StructureDefinition/fsw-ExudateAppearance-model"/></type><mustSupport value="false"/><isModifier value="false"/><isSummary value="false"/></element><element id="fsw-WoundExudate-model.evaluationComponent.woundExudateColor"><path value="fsw-WoundExudate-model.evaluationComponent.woundExudateColor"/><code><system value="http://loinc.org"/><code value="72289-2"/></code><short value="- LOINC 72289-2 (Color of Exudate from wound)"/><definition value="- LOINC 72289-2 (Color of Exudate from wound)"/><min value="0"/><max value="1"/><base><path value="fsw-WoundExudate-model.evaluationComponent.woundExudateColor"/><min value="0"/><max value="1"/></base><type><code value="http://hl7.org/fhir/us/fsw/StructureDefinition/fsw-WoundExudateColor-model"/></type><mustSupport value="false"/><isModifier value="false"/><isSummary value="false"/></element><element id="fsw-WoundExudate-model.evaluationComponent.drainageAmount"><path value="fsw-WoundExudate-model.evaluationComponent.drainageAmount"/><code><system value="http://loinc.org"/><code value="39116-9"/></code><short value="- LOINC 39116-9 (Drainage amount of Wound)"/><definition value="- LOINC 39116-9 (Drainage amount of Wound)"/><min value="0"/><max value="1"/><base><path value="fsw-WoundExudate-model.evaluationComponent.drainageAmount"/><min value="0"/><max value="1"/></base><type><code value="http://hl7.org/fhir/us/fsw/StructureDefinition/fsw-DrainageAmount-model"/></type><mustSupport value="false"/><isModifier value="false"/><isSummary value="false"/></element><element id="fsw-WoundExudate-model.evaluationComponent.odor"><path value="fsw-WoundExudate-model.evaluationComponent.odor"/><code><system value="http://loinc.org"/><code value="72288-4"/></code><short value="- LOINC 72288-4 (Odor of Exudate from wound)"/><definition value="- LOINC 72288-4 (Odor of Exudate from wound)"/><min value="0"/><max value="1"/><base><path value="fsw-WoundExudate-model.evaluationComponent.odor"/><min value="0"/><max value="1"/></base><type><code value="http://hl7.org/fhir/us/fsw/StructureDefinition/fsw-Odor-model"/></type><mustSupport value="false"/><isModifier value="false"/><isSummary value="false"/></element><element id="fsw-WoundExudate-model.interpretation"><path value="fsw-WoundExudate-model.interpretation"/><short value="Description"/><definition value="Description"/><min value="0"/><max value="1"/><base><path value="fsw-WoundExudate-model.interpretation"/><min value="0"/><max value="1"/></base><type><code value="Coding"/></type><mustSupport value="false"/><isModifier value="false"/><isSummary value="false"/></element><element id="fsw-WoundExudate-model.method"><path value="fsw-WoundExudate-model.method"/><short value="Description"/><definition value="Description"/><min value="0"/><max value="1"/><base><path value="fsw-WoundExudate-model.method"/><min value="0"/><max value="1"/></base><type><code value="Coding"/></type><mustSupport value="false"/><isModifier value="false"/><isSummary value="false"/></element><element id="fsw-WoundExudate-model.resultStatus"><path value="fsw-WoundExudate-model.resultStatus"/><short value="Description"/><definition value="Description"/><min value="1"/><max value="1"/><base><path value="fsw-WoundExudate-model.resultStatus"/><min value="1"/><max value="1"/></base><type><code value="Coding"/></type><mustSupport value="false"/><isModifier value="false"/><isSummary value="false"/><binding><strength value="required"/><valueSetReference><reference value="http://hl7.org/fhir/ValueSet/observation-status"/></valueSetReference></binding></element><element id="fsw-WoundExudate-model.panelMembers"><path value="fsw-WoundExudate-model.panelMembers"/><short value="PanelMembers represent the elements of a group of a related but independent evaluations."/><definition value="PanelMembers represent the elements of a group of a related but independent evaluations.&#xA;Examples are the measurements that compose a complete blood count (CBC), or the elements of a pathology report. Each member is an independent evaluation, but the grouping reflects a composite lab order, shared specimen, or a single report author. Typically the Category and Reason are not given for individual findings that are part of the panel, but rather given at the level of the panel itself."/><min value="0"/><max value="0"/><base><path value="fsw-WoundExudate-model.panelMembers"/><min value="0"/><max value="0"/></base><type><code value="http://hl7.org/fhir/us/fsw/StructureDefinition/fsw-PanelMembers-model"/></type><mustSupport value="false"/><isModifier value="false"/><isSummary value="false"/></element></differential></StructureDefinition>