<?xml version="1.0" encoding="UTF-8"?><ValueSet xmlns="http://hl7.org/fhir"><id value="shr-core-AllUnitsVS"/><text><status value="generated"/><div xmlns="http://www.w3.org/1999/xhtml">
<p><b>SW AllUnitsVS ValueSet</b></p>
<p>Includes all codes from UCUM and monetary units from ISO.</p>
</div></text><url value="http://hl7.org/fhir/us/fsw/ValueSet/shr-core-AllUnitsVS"/><identifier><system value="http://hl7.org/fhir/us/fsw"/><value value="shr.core.AllUnitsVS"/></identifier><version value="1.0.0"/><name value="AllUnitsVS"/><title value="SW AllUnitsVS ValueSet"/><status value="draft"/><date value="2018-08-21T00:00:00-04:00"/><publisher value="HL7 Patient Care and Clinical Information Modeling Initiative Work Groups"/><contact><telecom><system value="url"/><value value="http://standardhealthrecord.org"/></telecom></contact><description value="Includes all codes from UCUM and monetary units from ISO."/><compose><include><system value="http://unitsofmeasure.org"/></include><include><system value="urn:iso:std:iso:4217"/></include></compose></ValueSet>