{
  "resourceType": "StructureDefinition",
  "id": "fsw-BedAreaPercentageByColor-model",
  "text": {
    "status": "generated",
    "div": "<div xmlns=\"http://www.w3.org/1999/xhtml\">\n  <p><b>SW BedAreaPercentageByColor Logical Model</b></p>\n  <p>The percent of the wound bed appearance is the area of identified wound bed appearance (necrotic, sloughing, etc.; see LOINC 72371-8) compared to the total area of the wound bed. For example, 40% of the wound bed is necrotic. Results can either be subjective or measured. - LOINC 72370-0 (Area of identified wound bed appearance/​Area of wound bed of Wound base)</p>\n</div>"
  },
  "url": "http://hl7.org/fhir/us/fsw/StructureDefinition/fsw-BedAreaPercentageByColor-model",
  "identifier": [
    {
      "system": "http://hl7.org/fhir/us/fsw",
      "value": "fsw.BedAreaPercentageByColor"
    }
  ],
  "version": "1.0.0",
  "name": "BedAreaPercentageByColorModel",
  "title": "SW BedAreaPercentageByColor Logical Model",
  "status": "draft",
  "date": "2018-08-21T00:00:00-04:00",
  "publisher": "HL7 Patient Care and Clinical Information Modeling Initiative Work Groups",
  "contact": [
    {
      "telecom": [
        {
          "system": "url",
          "value": "http://standardhealthrecord.org"
        }
      ]
    }
  ],
  "description": "The percent of the wound bed appearance is the area of identified wound bed appearance (necrotic, sloughing, etc.; see LOINC 72371-8) compared to the total area of the wound bed. For example, 40% of the wound bed is necrotic. Results can either be subjective or measured. - LOINC 72370-0 (Area of identified wound bed appearance/​Area of wound bed of Wound base)",
  "keyword": [
    {
      "system": "http://loinc.org",
      "code": "72371-8"
    }
  ],
  "kind": "logical",
  "abstract": false,
  "type": "fsw-BedAreaPercentageByColor-model",
  "baseDefinition": "http://hl7.org/fhir/StructureDefinition/Element",
  "derivation": "specialization",
  "snapshot": {
    "element": [
      {
        "id": "fsw-BedAreaPercentageByColor-model",
        "path": "fsw-BedAreaPercentageByColor-model",
        "definition": "The percent of the wound bed appearance is the area of identified wound bed appearance (necrotic, sloughing, etc.; see LOINC 72371-8) compared to the total area of the wound bed. For example, 40% of the wound bed is necrotic. Results can either be subjective or measured. - LOINC 72370-0 (Area of identified wound bed appearance/​Area of wound bed of Wound base)",
        "min": 0,
        "max": "*",
        "base": {
          "path": "fsw-BedAreaPercentageByColor-model",
          "min": 0,
          "max": "*"
        },
        "mustSupport": false,
        "isModifier": false,
        "isSummary": false
      },
      {
        "id": "fsw-BedAreaPercentageByColor-model.value",
        "path": "fsw-BedAreaPercentageByColor-model.value",
        "short": "Quantity representing the percent of the wound bed appearance is the area of identified wound bed appearance (necrotic, sloughing, etc.; see LOINC 72371-8) compared to the total area of the wound bed. For example, 40% of the wound bed is necrotic. Results can either be subjective or measured. - LOINC 72370-0 (Area of identified wound bed appearance/​Area of wound bed of Wound base)",
        "definition": "Quantity representing the percent of the wound bed appearance is the area of identified wound bed appearance (necrotic, sloughing, etc.; see LOINC 72371-8) compared to the total area of the wound bed. For example, 40% of the wound bed is necrotic. Results can either be subjective or measured. - LOINC 72370-0 (Area of identified wound bed appearance/​Area of wound bed of Wound base)",
        "min": 1,
        "max": "1",
        "base": {
          "path": "fsw-BedAreaPercentageByColor-model.value",
          "min": 1,
          "max": "1"
        },
        "type": [
          {
            "code": "http://hl7.org/fhir/us/fsw/StructureDefinition/shr-core-Quantity-model"
          }
        ],
        "mustSupport": false,
        "isModifier": false,
        "isSummary": false
      },
      {
        "id": "fsw-BedAreaPercentageByColor-model.value.value",
        "path": "fsw-BedAreaPercentageByColor-model.value.value",
        "short": "Decimal representing a quantity with units, whose value may be bounded from above or below, as defined in FHIR",
        "definition": "Decimal representing a quantity with units, whose value may be bounded from above or below, as defined in FHIR",
        "min": 0,
        "max": "1",
        "base": {
          "path": "fsw-BedAreaPercentageByColor-model.value.value",
          "min": 0,
          "max": "1"
        },
        "type": [
          {
            "code": "decimal"
          }
        ],
        "mustSupport": false,
        "isModifier": false,
        "isSummary": false
      },
      {
        "id": "fsw-BedAreaPercentageByColor-model.value.comparator",
        "path": "fsw-BedAreaPercentageByColor-model.value.comparator",
        "short": "Comparator",
        "definition": "Comparator",
        "min": 0,
        "max": "1",
        "base": {
          "path": "fsw-BedAreaPercentageByColor-model.value.comparator",
          "min": 0,
          "max": "1"
        },
        "type": [
          {
            "code": "code"
          }
        ],
        "mustSupport": false,
        "isModifier": false,
        "isSummary": false,
        "binding": {
          "strength": "required",
          "valueSetReference": {
            "reference": "http://hl7.org/fhir/ValueSet/quantity-comparator"
          }
        }
      },
      {
        "id": "fsw-BedAreaPercentageByColor-model.value.units",
        "path": "fsw-BedAreaPercentageByColor-model.value.units",
        "code": [
          {
            "system": "http://ncimeta.nci.nih.gov",
            "code": "C0805701"
          }
        ],
        "short": "Code for the unit of measure of the quantity.",
        "definition": "Code for the unit of measure of the quantity.",
        "min": 0,
        "max": "1",
        "base": {
          "path": "fsw-BedAreaPercentageByColor-model.value.units",
          "min": 0,
          "max": "1"
        },
        "type": [
          {
            "code": "Coding"
          }
        ],
        "mustSupport": false,
        "isModifier": false,
        "isSummary": false
      },
      {
        "id": "fsw-BedAreaPercentageByColor-model.value.units.id",
        "path": "fsw-BedAreaPercentageByColor-model.value.units.id",
        "representation": [
          "xmlAttr"
        ],
        "short": "xml:id (or equivalent in JSON)",
        "definition": "unique id for the element within a resource (for internal references). This may be any string value that does not contain spaces.",
        "min": 0,
        "max": "1",
        "base": {
          "path": "Element.id",
          "min": 0,
          "max": "1"
        },
        "type": [
          {
            "code": "string"
          }
        ],
        "mapping": [
          {
            "identity": "rim",
            "map": "n/a"
          }
        ]
      },
      {
        "id": "fsw-BedAreaPercentageByColor-model.value.units.extension",
        "path": "fsw-BedAreaPercentageByColor-model.value.units.extension",
        "slicing": {
          "discriminator": [
            {
              "type": "value",
              "path": "url"
            }
          ],
          "description": "Extensions are always sliced by (at least) url",
          "rules": "open"
        },
        "short": "Additional Content defined by implementations",
        "definition": "May be used to represent additional information that is not part of the basic definition of the element. In order to make the use of extensions safe and manageable, there is a strict set of governance  applied to the definition and use of extensions. Though any implementer is allowed to define an extension, there is a set of requirements that SHALL be met as part of the definition of the extension.",
        "comment": "There can be no stigma associated with the use of extensions by any application, project, or standard - regardless of the institution or jurisdiction that uses or defines the extensions.  The use of extensions is what allows the FHIR specification to retain a core level of simplicity for everyone.",
        "min": 0,
        "max": "*",
        "base": {
          "path": "Element.extension",
          "min": 0,
          "max": "*"
        },
        "type": [
          {
            "code": "Extension"
          }
        ],
        "mapping": [
          {
            "identity": "rim",
            "map": "n/a"
          }
        ]
      },
      {
        "id": "fsw-BedAreaPercentageByColor-model.value.units.system",
        "path": "fsw-BedAreaPercentageByColor-model.value.units.system",
        "short": "Identity of the terminology system",
        "definition": "The identification of the code system that defines the meaning of the symbol in the code.",
        "comment": "The URI may be an OID (urn:oid:...) or a UUID (urn:uuid:...).  OIDs and UUIDs SHALL be references to the HL7 OID registry. Otherwise, the URI should come from HL7's list of FHIR defined special URIs or it should de-reference to some definition that establish the system clearly and unambiguously.",
        "requirements": "Need to be unambiguous about the source of the definition of the symbol.",
        "min": 1,
        "max": "1",
        "base": {
          "path": "Coding.system",
          "min": 0,
          "max": "1"
        },
        "type": [
          {
            "code": "uri"
          }
        ],
        "fixedUri": "http://unitsofmeasure.org",
        "isSummary": true,
        "mapping": [
          {
            "identity": "v2",
            "map": "C*E.3"
          },
          {
            "identity": "rim",
            "map": "./codeSystem"
          },
          {
            "identity": "orim",
            "map": "fhir:Coding.system rdfs:subPropertyOf dt:CDCoding.codeSystem"
          }
        ]
      },
      {
        "id": "fsw-BedAreaPercentageByColor-model.value.units.version",
        "path": "fsw-BedAreaPercentageByColor-model.value.units.version",
        "short": "Version of the system - if relevant",
        "definition": "The version of the code system which was used when choosing this code. Note that a well-maintained code system does not need the version reported, because the meaning of codes is consistent across versions. However this cannot consistently be assured. and when the meaning is not guaranteed to be consistent, the version SHOULD be exchanged.",
        "comment": "Where the terminology does not clearly define what string should be used to identify code system versions, the recommendation is to use the date (expressed in FHIR date format) on which that version was officially published as the version date.",
        "min": 0,
        "max": "1",
        "base": {
          "path": "Coding.version",
          "min": 0,
          "max": "1"
        },
        "type": [
          {
            "code": "string"
          }
        ],
        "isSummary": true,
        "mapping": [
          {
            "identity": "v2",
            "map": "C*E.7"
          },
          {
            "identity": "rim",
            "map": "./codeSystemVersion"
          },
          {
            "identity": "orim",
            "map": "fhir:Coding.version rdfs:subPropertyOf dt:CDCoding.codeSystemVersion"
          }
        ]
      },
      {
        "id": "fsw-BedAreaPercentageByColor-model.value.units.code",
        "path": "fsw-BedAreaPercentageByColor-model.value.units.code",
        "short": "Symbol in syntax defined by the system",
        "definition": "A symbol in syntax defined by the system. The symbol may be a predefined code or an expression in a syntax defined by the coding system (e.g. post-coordination).",
        "requirements": "Need to refer to a particular code in the system.",
        "min": 1,
        "max": "1",
        "base": {
          "path": "Coding.code",
          "min": 0,
          "max": "1"
        },
        "type": [
          {
            "code": "code"
          }
        ],
        "fixedCode": "%",
        "isSummary": true,
        "mapping": [
          {
            "identity": "v2",
            "map": "C*E.1"
          },
          {
            "identity": "rim",
            "map": "./code"
          },
          {
            "identity": "orim",
            "map": "fhir:Coding.code rdfs:subPropertyOf dt:CDCoding.code"
          }
        ]
      },
      {
        "id": "fsw-BedAreaPercentageByColor-model.value.units.display",
        "extension": [
          {
            "url": "http://hl7.org/fhir/StructureDefinition/elementdefinition-translatable",
            "valueBoolean": true
          }
        ],
        "path": "fsw-BedAreaPercentageByColor-model.value.units.display",
        "short": "Representation defined by the system",
        "definition": "A representation of the meaning of the code in the system, following the rules of the system.",
        "requirements": "Need to be able to carry a human-readable meaning of the code for readers that do not know  the system.",
        "min": 0,
        "max": "1",
        "base": {
          "path": "Coding.display",
          "min": 0,
          "max": "1"
        },
        "type": [
          {
            "code": "string"
          }
        ],
        "isSummary": true,
        "mapping": [
          {
            "identity": "v2",
            "map": "C*E.2 - but note this is not well followed"
          },
          {
            "identity": "rim",
            "map": "CV.displayName"
          },
          {
            "identity": "orim",
            "map": "fhir:Coding.display rdfs:subPropertyOf dt:CDCoding.displayName"
          }
        ]
      },
      {
        "id": "fsw-BedAreaPercentageByColor-model.value.units.userSelected",
        "path": "fsw-BedAreaPercentageByColor-model.value.units.userSelected",
        "short": "If this coding was chosen directly by the user",
        "definition": "Indicates that this coding was chosen by a user directly - i.e. off a pick list of available items (codes or displays).",
        "comment": "Amongst a set of alternatives, a directly chosen code is the most appropriate starting point for new translations. There is some ambiguity about what exactly 'directly chosen' implies, and trading partner agreement may be needed to clarify the use of this element and its consequences more completely.",
        "requirements": "This has been identified as a clinical safety criterium - that this exact system/code pair was chosen explicitly, rather than inferred by the system based on some rules or language processing.",
        "min": 0,
        "max": "1",
        "base": {
          "path": "Coding.userSelected",
          "min": 0,
          "max": "1"
        },
        "type": [
          {
            "code": "boolean"
          }
        ],
        "isSummary": true,
        "mapping": [
          {
            "identity": "v2",
            "map": "Sometimes implied by being first"
          },
          {
            "identity": "rim",
            "map": "CD.codingRationale"
          },
          {
            "identity": "orim",
            "map": "fhir:Coding.userSelected fhir:mapsTo dt:CDCoding.codingRationale. fhir:Coding.userSelected fhir:hasMap fhir:Coding.userSelected.map. fhir:Coding.userSelected.map a fhir:Map;   fhir:target dt:CDCoding.codingRationale. fhir:Coding.userSelected\\#true a [     fhir:source \"true\";     fhir:target dt:CDCoding.codingRationale\\#O   ]"
          }
        ]
      },
      {
        "id": "fsw-BedAreaPercentageByColor-model.topicCode",
        "path": "fsw-BedAreaPercentageByColor-model.topicCode",
        "short": "The concept representing the finding or action that is the topic of the statement.",
        "definition": "The concept representing the finding or action that is the topic of the statement.\nFor action topics, the TopicCode represents the action being described. For findings, the TopicCode represents the 'question' or property being investigated. For evaluation result findings, the TopicCode contains a concept for an observable entity, such as systolic blood pressure. For assertion findings, the TopicCode contains a code representing the condition, allergy, or other item being asserted. In all cases, the TopicCode describes the topic  of the action or the finding.",
        "min": 0,
        "max": "1",
        "base": {
          "path": "fsw-BedAreaPercentageByColor-model.topicCode",
          "min": 0,
          "max": "1"
        },
        "type": [
          {
            "code": "Coding"
          }
        ],
        "mustSupport": false,
        "isModifier": false,
        "isSummary": false
      },
      {
        "id": "fsw-BedAreaPercentageByColor-model.exceptionValue",
        "path": "fsw-BedAreaPercentageByColor-model.exceptionValue",
        "short": "A value describing the reason for a missing value.",
        "definition": "A value describing the reason for a missing value.",
        "min": 0,
        "max": "1",
        "base": {
          "path": "fsw-BedAreaPercentageByColor-model.exceptionValue",
          "min": 0,
          "max": "1"
        },
        "type": [
          {
            "code": "Coding"
          }
        ],
        "mustSupport": false,
        "isModifier": false,
        "isSummary": false,
        "binding": {
          "strength": "extensible",
          "valueSetReference": {
            "reference": "http://hl7.org/fhir/ValueSet/data-absent-reason"
          }
        }
      },
      {
        "id": "fsw-BedAreaPercentageByColor-model.interpretation",
        "path": "fsw-BedAreaPercentageByColor-model.interpretation",
        "short": "Description",
        "definition": "Description",
        "min": 0,
        "max": "1",
        "base": {
          "path": "fsw-BedAreaPercentageByColor-model.interpretation",
          "min": 0,
          "max": "1"
        },
        "type": [
          {
            "code": "Coding"
          }
        ],
        "mustSupport": false,
        "isModifier": false,
        "isSummary": false
      }
    ]
  },
  "differential": {
    "element": [
      {
        "id": "fsw-BedAreaPercentageByColor-model",
        "path": "fsw-BedAreaPercentageByColor-model",
        "definition": "The percent of the wound bed appearance is the area of identified wound bed appearance (necrotic, sloughing, etc.; see LOINC 72371-8) compared to the total area of the wound bed. For example, 40% of the wound bed is necrotic. Results can either be subjective or measured. - LOINC 72370-0 (Area of identified wound bed appearance/​Area of wound bed of Wound base)",
        "min": 0,
        "max": "*",
        "base": {
          "path": "fsw-BedAreaPercentageByColor-model",
          "min": 0,
          "max": "*"
        },
        "mustSupport": false,
        "isModifier": false,
        "isSummary": false
      },
      {
        "id": "fsw-BedAreaPercentageByColor-model.value",
        "path": "fsw-BedAreaPercentageByColor-model.value",
        "short": "Quantity representing the percent of the wound bed appearance is the area of identified wound bed appearance (necrotic, sloughing, etc.; see LOINC 72371-8) compared to the total area of the wound bed. For example, 40% of the wound bed is necrotic. Results can either be subjective or measured. - LOINC 72370-0 (Area of identified wound bed appearance/​Area of wound bed of Wound base)",
        "definition": "Quantity representing the percent of the wound bed appearance is the area of identified wound bed appearance (necrotic, sloughing, etc.; see LOINC 72371-8) compared to the total area of the wound bed. For example, 40% of the wound bed is necrotic. Results can either be subjective or measured. - LOINC 72370-0 (Area of identified wound bed appearance/​Area of wound bed of Wound base)",
        "min": 1,
        "max": "1",
        "base": {
          "path": "fsw-BedAreaPercentageByColor-model.value",
          "min": 1,
          "max": "1"
        },
        "type": [
          {
            "code": "http://hl7.org/fhir/us/fsw/StructureDefinition/shr-core-Quantity-model"
          }
        ],
        "mustSupport": false,
        "isModifier": false,
        "isSummary": false
      },
      {
        "id": "fsw-BedAreaPercentageByColor-model.value.value",
        "path": "fsw-BedAreaPercentageByColor-model.value.value",
        "short": "Decimal representing a quantity with units, whose value may be bounded from above or below, as defined in FHIR",
        "definition": "Decimal representing a quantity with units, whose value may be bounded from above or below, as defined in FHIR",
        "min": 0,
        "max": "1",
        "base": {
          "path": "fsw-BedAreaPercentageByColor-model.value.value",
          "min": 0,
          "max": "1"
        },
        "type": [
          {
            "code": "decimal"
          }
        ],
        "mustSupport": false,
        "isModifier": false,
        "isSummary": false
      },
      {
        "id": "fsw-BedAreaPercentageByColor-model.value.comparator",
        "path": "fsw-BedAreaPercentageByColor-model.value.comparator",
        "short": "Comparator",
        "definition": "Comparator",
        "min": 0,
        "max": "1",
        "base": {
          "path": "fsw-BedAreaPercentageByColor-model.value.comparator",
          "min": 0,
          "max": "1"
        },
        "type": [
          {
            "code": "code"
          }
        ],
        "mustSupport": false,
        "isModifier": false,
        "isSummary": false,
        "binding": {
          "strength": "required",
          "valueSetReference": {
            "reference": "http://hl7.org/fhir/ValueSet/quantity-comparator"
          }
        }
      },
      {
        "id": "fsw-BedAreaPercentageByColor-model.value.units",
        "path": "fsw-BedAreaPercentageByColor-model.value.units",
        "code": [
          {
            "system": "http://ncimeta.nci.nih.gov",
            "code": "C0805701"
          }
        ],
        "short": "Code for the unit of measure of the quantity.",
        "definition": "Code for the unit of measure of the quantity.",
        "min": 0,
        "max": "1",
        "base": {
          "path": "fsw-BedAreaPercentageByColor-model.value.units",
          "min": 0,
          "max": "1"
        },
        "type": [
          {
            "code": "Coding"
          }
        ],
        "mustSupport": false,
        "isModifier": false,
        "isSummary": false
      },
      {
        "id": "fsw-BedAreaPercentageByColor-model.value.units.id",
        "path": "fsw-BedAreaPercentageByColor-model.value.units.id",
        "representation": [
          "xmlAttr"
        ],
        "short": "xml:id (or equivalent in JSON)",
        "definition": "unique id for the element within a resource (for internal references). This may be any string value that does not contain spaces.",
        "min": 0,
        "max": "1",
        "base": {
          "path": "Element.id",
          "min": 0,
          "max": "1"
        },
        "type": [
          {
            "code": "string"
          }
        ],
        "mapping": [
          {
            "identity": "rim",
            "map": "n/a"
          }
        ]
      },
      {
        "id": "fsw-BedAreaPercentageByColor-model.value.units.extension",
        "path": "fsw-BedAreaPercentageByColor-model.value.units.extension",
        "slicing": {
          "discriminator": [
            {
              "type": "value",
              "path": "url"
            }
          ],
          "description": "Extensions are always sliced by (at least) url",
          "rules": "open"
        },
        "short": "Additional Content defined by implementations",
        "definition": "May be used to represent additional information that is not part of the basic definition of the element. In order to make the use of extensions safe and manageable, there is a strict set of governance  applied to the definition and use of extensions. Though any implementer is allowed to define an extension, there is a set of requirements that SHALL be met as part of the definition of the extension.",
        "comment": "There can be no stigma associated with the use of extensions by any application, project, or standard - regardless of the institution or jurisdiction that uses or defines the extensions.  The use of extensions is what allows the FHIR specification to retain a core level of simplicity for everyone.",
        "min": 0,
        "max": "*",
        "base": {
          "path": "Element.extension",
          "min": 0,
          "max": "*"
        },
        "type": [
          {
            "code": "Extension"
          }
        ],
        "mapping": [
          {
            "identity": "rim",
            "map": "n/a"
          }
        ]
      },
      {
        "id": "fsw-BedAreaPercentageByColor-model.value.units.system",
        "path": "fsw-BedAreaPercentageByColor-model.value.units.system",
        "short": "Identity of the terminology system",
        "definition": "The identification of the code system that defines the meaning of the symbol in the code.",
        "comment": "The URI may be an OID (urn:oid:...) or a UUID (urn:uuid:...).  OIDs and UUIDs SHALL be references to the HL7 OID registry. Otherwise, the URI should come from HL7's list of FHIR defined special URIs or it should de-reference to some definition that establish the system clearly and unambiguously.",
        "requirements": "Need to be unambiguous about the source of the definition of the symbol.",
        "min": 1,
        "max": "1",
        "base": {
          "path": "Coding.system",
          "min": 0,
          "max": "1"
        },
        "type": [
          {
            "code": "uri"
          }
        ],
        "fixedUri": "http://unitsofmeasure.org",
        "isSummary": true,
        "mapping": [
          {
            "identity": "v2",
            "map": "C*E.3"
          },
          {
            "identity": "rim",
            "map": "./codeSystem"
          },
          {
            "identity": "orim",
            "map": "fhir:Coding.system rdfs:subPropertyOf dt:CDCoding.codeSystem"
          }
        ]
      },
      {
        "id": "fsw-BedAreaPercentageByColor-model.value.units.version",
        "path": "fsw-BedAreaPercentageByColor-model.value.units.version",
        "short": "Version of the system - if relevant",
        "definition": "The version of the code system which was used when choosing this code. Note that a well-maintained code system does not need the version reported, because the meaning of codes is consistent across versions. However this cannot consistently be assured. and when the meaning is not guaranteed to be consistent, the version SHOULD be exchanged.",
        "comment": "Where the terminology does not clearly define what string should be used to identify code system versions, the recommendation is to use the date (expressed in FHIR date format) on which that version was officially published as the version date.",
        "min": 0,
        "max": "1",
        "base": {
          "path": "Coding.version",
          "min": 0,
          "max": "1"
        },
        "type": [
          {
            "code": "string"
          }
        ],
        "isSummary": true,
        "mapping": [
          {
            "identity": "v2",
            "map": "C*E.7"
          },
          {
            "identity": "rim",
            "map": "./codeSystemVersion"
          },
          {
            "identity": "orim",
            "map": "fhir:Coding.version rdfs:subPropertyOf dt:CDCoding.codeSystemVersion"
          }
        ]
      },
      {
        "id": "fsw-BedAreaPercentageByColor-model.value.units.code",
        "path": "fsw-BedAreaPercentageByColor-model.value.units.code",
        "short": "Symbol in syntax defined by the system",
        "definition": "A symbol in syntax defined by the system. The symbol may be a predefined code or an expression in a syntax defined by the coding system (e.g. post-coordination).",
        "requirements": "Need to refer to a particular code in the system.",
        "min": 1,
        "max": "1",
        "base": {
          "path": "Coding.code",
          "min": 0,
          "max": "1"
        },
        "type": [
          {
            "code": "code"
          }
        ],
        "fixedCode": "%",
        "isSummary": true,
        "mapping": [
          {
            "identity": "v2",
            "map": "C*E.1"
          },
          {
            "identity": "rim",
            "map": "./code"
          },
          {
            "identity": "orim",
            "map": "fhir:Coding.code rdfs:subPropertyOf dt:CDCoding.code"
          }
        ]
      },
      {
        "id": "fsw-BedAreaPercentageByColor-model.value.units.display",
        "extension": [
          {
            "url": "http://hl7.org/fhir/StructureDefinition/elementdefinition-translatable",
            "valueBoolean": true
          }
        ],
        "path": "fsw-BedAreaPercentageByColor-model.value.units.display",
        "short": "Representation defined by the system",
        "definition": "A representation of the meaning of the code in the system, following the rules of the system.",
        "requirements": "Need to be able to carry a human-readable meaning of the code for readers that do not know  the system.",
        "min": 0,
        "max": "1",
        "base": {
          "path": "Coding.display",
          "min": 0,
          "max": "1"
        },
        "type": [
          {
            "code": "string"
          }
        ],
        "isSummary": true,
        "mapping": [
          {
            "identity": "v2",
            "map": "C*E.2 - but note this is not well followed"
          },
          {
            "identity": "rim",
            "map": "CV.displayName"
          },
          {
            "identity": "orim",
            "map": "fhir:Coding.display rdfs:subPropertyOf dt:CDCoding.displayName"
          }
        ]
      },
      {
        "id": "fsw-BedAreaPercentageByColor-model.value.units.userSelected",
        "path": "fsw-BedAreaPercentageByColor-model.value.units.userSelected",
        "short": "If this coding was chosen directly by the user",
        "definition": "Indicates that this coding was chosen by a user directly - i.e. off a pick list of available items (codes or displays).",
        "comment": "Amongst a set of alternatives, a directly chosen code is the most appropriate starting point for new translations. There is some ambiguity about what exactly 'directly chosen' implies, and trading partner agreement may be needed to clarify the use of this element and its consequences more completely.",
        "requirements": "This has been identified as a clinical safety criterium - that this exact system/code pair was chosen explicitly, rather than inferred by the system based on some rules or language processing.",
        "min": 0,
        "max": "1",
        "base": {
          "path": "Coding.userSelected",
          "min": 0,
          "max": "1"
        },
        "type": [
          {
            "code": "boolean"
          }
        ],
        "isSummary": true,
        "mapping": [
          {
            "identity": "v2",
            "map": "Sometimes implied by being first"
          },
          {
            "identity": "rim",
            "map": "CD.codingRationale"
          },
          {
            "identity": "orim",
            "map": "fhir:Coding.userSelected fhir:mapsTo dt:CDCoding.codingRationale. fhir:Coding.userSelected fhir:hasMap fhir:Coding.userSelected.map. fhir:Coding.userSelected.map a fhir:Map;   fhir:target dt:CDCoding.codingRationale. fhir:Coding.userSelected\\#true a [     fhir:source \"true\";     fhir:target dt:CDCoding.codingRationale\\#O   ]"
          }
        ]
      },
      {
        "id": "fsw-BedAreaPercentageByColor-model.topicCode",
        "path": "fsw-BedAreaPercentageByColor-model.topicCode",
        "short": "The concept representing the finding or action that is the topic of the statement.",
        "definition": "The concept representing the finding or action that is the topic of the statement.\nFor action topics, the TopicCode represents the action being described. For findings, the TopicCode represents the 'question' or property being investigated. For evaluation result findings, the TopicCode contains a concept for an observable entity, such as systolic blood pressure. For assertion findings, the TopicCode contains a code representing the condition, allergy, or other item being asserted. In all cases, the TopicCode describes the topic  of the action or the finding.",
        "min": 0,
        "max": "1",
        "base": {
          "path": "fsw-BedAreaPercentageByColor-model.topicCode",
          "min": 0,
          "max": "1"
        },
        "type": [
          {
            "code": "Coding"
          }
        ],
        "mustSupport": false,
        "isModifier": false,
        "isSummary": false
      },
      {
        "id": "fsw-BedAreaPercentageByColor-model.exceptionValue",
        "path": "fsw-BedAreaPercentageByColor-model.exceptionValue",
        "short": "A value describing the reason for a missing value.",
        "definition": "A value describing the reason for a missing value.",
        "min": 0,
        "max": "1",
        "base": {
          "path": "fsw-BedAreaPercentageByColor-model.exceptionValue",
          "min": 0,
          "max": "1"
        },
        "type": [
          {
            "code": "Coding"
          }
        ],
        "mustSupport": false,
        "isModifier": false,
        "isSummary": false,
        "binding": {
          "strength": "extensible",
          "valueSetReference": {
            "reference": "http://hl7.org/fhir/ValueSet/data-absent-reason"
          }
        }
      },
      {
        "id": "fsw-BedAreaPercentageByColor-model.interpretation",
        "path": "fsw-BedAreaPercentageByColor-model.interpretation",
        "short": "Description",
        "definition": "Description",
        "min": 0,
        "max": "1",
        "base": {
          "path": "fsw-BedAreaPercentageByColor-model.interpretation",
          "min": 0,
          "max": "1"
        },
        "type": [
          {
            "code": "Coding"
          }
        ],
        "mustSupport": false,
        "isModifier": false,
        "isSummary": false
      }
    ]
  }
}