{
  "resourceType": "StructureDefinition",
  "id": "fsw-VisibleStructure-model",
  "text": {
    "status": "generated",
    "div": "<div xmlns=\"http://www.w3.org/1999/xhtml\">\n  <p><b>SW VisibleStructure Logical Model</b></p>\n  <p>Exposed body structures, devices, and/or foreign bodies visible by the naked eye in a wound. - LOINC 89250-5 (Device or anatomic structure visible in wound)</p>\n</div>"
  },
  "url": "http://hl7.org/fhir/us/fsw/StructureDefinition/fsw-VisibleStructure-model",
  "identifier": [
    {
      "system": "http://hl7.org/fhir/us/fsw",
      "value": "fsw.VisibleStructure"
    }
  ],
  "version": "1.0.0",
  "name": "VisibleStructureModel",
  "title": "SW VisibleStructure Logical Model",
  "status": "draft",
  "date": "2018-08-21T00:00:00-04:00",
  "publisher": "HL7 Patient Care and Clinical Information Modeling Initiative Work Groups",
  "contact": [
    {
      "telecom": [
        {
          "system": "url",
          "value": "http://standardhealthrecord.org"
        }
      ]
    }
  ],
  "description": "Exposed body structures, devices, and/or foreign bodies visible by the naked eye in a wound. - LOINC 89250-5 (Device or anatomic structure visible in wound)",
  "keyword": [
    {
      "system": "http://loinc.org",
      "code": "89250-5"
    }
  ],
  "kind": "logical",
  "abstract": false,
  "type": "fsw-VisibleStructure-model",
  "baseDefinition": "http://hl7.org/fhir/StructureDefinition/Element",
  "derivation": "specialization",
  "snapshot": {
    "element": [
      {
        "id": "fsw-VisibleStructure-model",
        "path": "fsw-VisibleStructure-model",
        "definition": "Exposed body structures, devices, and/or foreign bodies visible by the naked eye in a wound. - LOINC 89250-5 (Device or anatomic structure visible in wound)",
        "min": 0,
        "max": "*",
        "base": {
          "path": "fsw-VisibleStructure-model",
          "min": 0,
          "max": "*"
        },
        "mustSupport": false,
        "isModifier": false,
        "isSummary": false
      },
      {
        "id": "fsw-VisibleStructure-model.value",
        "path": "fsw-VisibleStructure-model.value",
        "short": "Code representing exposed body structures, devices, and/or foreign bodies visible by the naked eye in a wound. - LOINC 89250-5 (Device or anatomic structure visible in wound)",
        "definition": "Code representing exposed body structures, devices, and/or foreign bodies visible by the naked eye in a wound. - LOINC 89250-5 (Device or anatomic structure visible in wound)",
        "min": 1,
        "max": "1",
        "base": {
          "path": "fsw-VisibleStructure-model.value",
          "min": 1,
          "max": "1"
        },
        "type": [
          {
            "code": "Coding"
          }
        ],
        "mustSupport": false,
        "isModifier": false,
        "isSummary": false,
        "binding": {
          "strength": "required",
          "valueSetReference": {
            "reference": "https://vsac.nlm.nih.gov/valueset/2.16.840.1.113762.1.4.1181.1/expansion"
          }
        }
      },
      {
        "id": "fsw-VisibleStructure-model.topicCode",
        "path": "fsw-VisibleStructure-model.topicCode",
        "short": "The concept representing the finding or action that is the topic of the statement.",
        "definition": "The concept representing the finding or action that is the topic of the statement.\nFor action topics, the TopicCode represents the action being described. For findings, the TopicCode represents the 'question' or property being investigated. For evaluation result findings, the TopicCode contains a concept for an observable entity, such as systolic blood pressure. For assertion findings, the TopicCode contains a code representing the condition, allergy, or other item being asserted. In all cases, the TopicCode describes the topic  of the action or the finding.",
        "min": 0,
        "max": "1",
        "base": {
          "path": "fsw-VisibleStructure-model.topicCode",
          "min": 0,
          "max": "1"
        },
        "type": [
          {
            "code": "Coding"
          }
        ],
        "mustSupport": false,
        "isModifier": false,
        "isSummary": false
      },
      {
        "id": "fsw-VisibleStructure-model.exceptionValue",
        "path": "fsw-VisibleStructure-model.exceptionValue",
        "short": "A value describing the reason for a missing value.",
        "definition": "A value describing the reason for a missing value.",
        "min": 0,
        "max": "1",
        "base": {
          "path": "fsw-VisibleStructure-model.exceptionValue",
          "min": 0,
          "max": "1"
        },
        "type": [
          {
            "code": "Coding"
          }
        ],
        "mustSupport": false,
        "isModifier": false,
        "isSummary": false,
        "binding": {
          "strength": "extensible",
          "valueSetReference": {
            "reference": "http://hl7.org/fhir/ValueSet/data-absent-reason"
          }
        }
      },
      {
        "id": "fsw-VisibleStructure-model.interpretation",
        "path": "fsw-VisibleStructure-model.interpretation",
        "short": "Description",
        "definition": "Description",
        "min": 0,
        "max": "1",
        "base": {
          "path": "fsw-VisibleStructure-model.interpretation",
          "min": 0,
          "max": "1"
        },
        "type": [
          {
            "code": "Coding"
          }
        ],
        "mustSupport": false,
        "isModifier": false,
        "isSummary": false
      }
    ]
  },
  "differential": {
    "element": [
      {
        "id": "fsw-VisibleStructure-model",
        "path": "fsw-VisibleStructure-model",
        "definition": "Exposed body structures, devices, and/or foreign bodies visible by the naked eye in a wound. - LOINC 89250-5 (Device or anatomic structure visible in wound)",
        "min": 0,
        "max": "*",
        "base": {
          "path": "fsw-VisibleStructure-model",
          "min": 0,
          "max": "*"
        },
        "mustSupport": false,
        "isModifier": false,
        "isSummary": false
      },
      {
        "id": "fsw-VisibleStructure-model.value",
        "path": "fsw-VisibleStructure-model.value",
        "short": "Code representing exposed body structures, devices, and/or foreign bodies visible by the naked eye in a wound. - LOINC 89250-5 (Device or anatomic structure visible in wound)",
        "definition": "Code representing exposed body structures, devices, and/or foreign bodies visible by the naked eye in a wound. - LOINC 89250-5 (Device or anatomic structure visible in wound)",
        "min": 1,
        "max": "1",
        "base": {
          "path": "fsw-VisibleStructure-model.value",
          "min": 1,
          "max": "1"
        },
        "type": [
          {
            "code": "Coding"
          }
        ],
        "mustSupport": false,
        "isModifier": false,
        "isSummary": false,
        "binding": {
          "strength": "required",
          "valueSetReference": {
            "reference": "https://vsac.nlm.nih.gov/valueset/2.16.840.1.113762.1.4.1181.1/expansion"
          }
        }
      },
      {
        "id": "fsw-VisibleStructure-model.topicCode",
        "path": "fsw-VisibleStructure-model.topicCode",
        "short": "The concept representing the finding or action that is the topic of the statement.",
        "definition": "The concept representing the finding or action that is the topic of the statement.\nFor action topics, the TopicCode represents the action being described. For findings, the TopicCode represents the 'question' or property being investigated. For evaluation result findings, the TopicCode contains a concept for an observable entity, such as systolic blood pressure. For assertion findings, the TopicCode contains a code representing the condition, allergy, or other item being asserted. In all cases, the TopicCode describes the topic  of the action or the finding.",
        "min": 0,
        "max": "1",
        "base": {
          "path": "fsw-VisibleStructure-model.topicCode",
          "min": 0,
          "max": "1"
        },
        "type": [
          {
            "code": "Coding"
          }
        ],
        "mustSupport": false,
        "isModifier": false,
        "isSummary": false
      },
      {
        "id": "fsw-VisibleStructure-model.exceptionValue",
        "path": "fsw-VisibleStructure-model.exceptionValue",
        "short": "A value describing the reason for a missing value.",
        "definition": "A value describing the reason for a missing value.",
        "min": 0,
        "max": "1",
        "base": {
          "path": "fsw-VisibleStructure-model.exceptionValue",
          "min": 0,
          "max": "1"
        },
        "type": [
          {
            "code": "Coding"
          }
        ],
        "mustSupport": false,
        "isModifier": false,
        "isSummary": false,
        "binding": {
          "strength": "extensible",
          "valueSetReference": {
            "reference": "http://hl7.org/fhir/ValueSet/data-absent-reason"
          }
        }
      },
      {
        "id": "fsw-VisibleStructure-model.interpretation",
        "path": "fsw-VisibleStructure-model.interpretation",
        "short": "Description",
        "definition": "Description",
        "min": 0,
        "max": "1",
        "base": {
          "path": "fsw-VisibleStructure-model.interpretation",
          "min": 0,
          "max": "1"
        },
        "type": [
          {
            "code": "Coding"
          }
        ],
        "mustSupport": false,
        "isModifier": false,
        "isSummary": false
      }
    ]
  }
}