{
  "resourceType": "StructureDefinition",
  "id": "fsw-WoundBaseAppearance-model",
  "text": {
    "status": "generated",
    "div": "<div xmlns=\"http://www.w3.org/1999/xhtml\">\n  <p><b>SW WoundBaseAppearance Logical Model</b></p>\n  <p>Described as necrotic, sloughing, fibrinous, granulated, intact, approximated, etc. The wound bed appearance may or may not be differentiated from the wound edge, especially if the wound is healing well. - LOINC 72371-8 (Appearance of Wound base)</p>\n</div>"
  },
  "url": "http://hl7.org/fhir/us/fsw/StructureDefinition/fsw-WoundBaseAppearance-model",
  "identifier": [
    {
      "system": "http://hl7.org/fhir/us/fsw",
      "value": "fsw.WoundBaseAppearance"
    }
  ],
  "version": "1.0.0",
  "name": "WoundBaseAppearanceModel",
  "title": "SW WoundBaseAppearance Logical Model",
  "status": "draft",
  "date": "2018-08-21T00:00:00-04:00",
  "publisher": "HL7 Patient Care and Clinical Information Modeling Initiative Work Groups",
  "contact": [
    {
      "telecom": [
        {
          "system": "url",
          "value": "http://standardhealthrecord.org"
        }
      ]
    }
  ],
  "description": "Described as necrotic, sloughing, fibrinous, granulated, intact, approximated, etc. The wound bed appearance may or may not be differentiated from the wound edge, especially if the wound is healing well. - LOINC 72371-8 (Appearance of Wound base)",
  "keyword": [
    {
      "system": "http://loinc.org",
      "code": "72371-8"
    }
  ],
  "kind": "logical",
  "abstract": false,
  "type": "fsw-WoundBaseAppearance-model",
  "baseDefinition": "http://hl7.org/fhir/StructureDefinition/Element",
  "derivation": "specialization",
  "snapshot": {
    "element": [
      {
        "id": "fsw-WoundBaseAppearance-model",
        "path": "fsw-WoundBaseAppearance-model",
        "definition": "Described as necrotic, sloughing, fibrinous, granulated, intact, approximated, etc. The wound bed appearance may or may not be differentiated from the wound edge, especially if the wound is healing well. - LOINC 72371-8 (Appearance of Wound base)",
        "min": 0,
        "max": "*",
        "base": {
          "path": "fsw-WoundBaseAppearance-model",
          "min": 0,
          "max": "*"
        },
        "mustSupport": false,
        "isModifier": false,
        "isSummary": false
      },
      {
        "id": "fsw-WoundBaseAppearance-model.value",
        "path": "fsw-WoundBaseAppearance-model.value",
        "short": "Code representing described as necrotic, sloughing, fibrinous, granulated, intact, approximated, etc. The wound bed appearance may or may not be differentiated from the wound edge, especially if the wound is healing well. - LOINC 72371-8 (Appearance of Wound base)",
        "definition": "Code representing described as necrotic, sloughing, fibrinous, granulated, intact, approximated, etc. The wound bed appearance may or may not be differentiated from the wound edge, especially if the wound is healing well. - LOINC 72371-8 (Appearance of Wound base)",
        "min": 1,
        "max": "1",
        "base": {
          "path": "fsw-WoundBaseAppearance-model.value",
          "min": 1,
          "max": "1"
        },
        "type": [
          {
            "code": "Coding"
          }
        ],
        "mustSupport": false,
        "isModifier": false,
        "isSummary": false,
        "binding": {
          "strength": "required",
          "valueSetReference": {
            "reference": "https://vsac.nlm.nih.gov/valueset/2.16.840.1.113762.1.4.1181.6/expansion"
          }
        }
      },
      {
        "id": "fsw-WoundBaseAppearance-model.topicCode",
        "path": "fsw-WoundBaseAppearance-model.topicCode",
        "short": "The concept representing the finding or action that is the topic of the statement.",
        "definition": "The concept representing the finding or action that is the topic of the statement.\nFor action topics, the TopicCode represents the action being described. For findings, the TopicCode represents the 'question' or property being investigated. For evaluation result findings, the TopicCode contains a concept for an observable entity, such as systolic blood pressure. For assertion findings, the TopicCode contains a code representing the condition, allergy, or other item being asserted. In all cases, the TopicCode describes the topic  of the action or the finding.",
        "min": 0,
        "max": "1",
        "base": {
          "path": "fsw-WoundBaseAppearance-model.topicCode",
          "min": 0,
          "max": "1"
        },
        "type": [
          {
            "code": "Coding"
          }
        ],
        "mustSupport": false,
        "isModifier": false,
        "isSummary": false
      },
      {
        "id": "fsw-WoundBaseAppearance-model.exceptionValue",
        "path": "fsw-WoundBaseAppearance-model.exceptionValue",
        "short": "A value describing the reason for a missing value.",
        "definition": "A value describing the reason for a missing value.",
        "min": 0,
        "max": "1",
        "base": {
          "path": "fsw-WoundBaseAppearance-model.exceptionValue",
          "min": 0,
          "max": "1"
        },
        "type": [
          {
            "code": "Coding"
          }
        ],
        "mustSupport": false,
        "isModifier": false,
        "isSummary": false,
        "binding": {
          "strength": "extensible",
          "valueSetReference": {
            "reference": "http://hl7.org/fhir/ValueSet/data-absent-reason"
          }
        }
      },
      {
        "id": "fsw-WoundBaseAppearance-model.interpretation",
        "path": "fsw-WoundBaseAppearance-model.interpretation",
        "short": "Description",
        "definition": "Description",
        "min": 0,
        "max": "1",
        "base": {
          "path": "fsw-WoundBaseAppearance-model.interpretation",
          "min": 0,
          "max": "1"
        },
        "type": [
          {
            "code": "Coding"
          }
        ],
        "mustSupport": false,
        "isModifier": false,
        "isSummary": false
      }
    ]
  },
  "differential": {
    "element": [
      {
        "id": "fsw-WoundBaseAppearance-model",
        "path": "fsw-WoundBaseAppearance-model",
        "definition": "Described as necrotic, sloughing, fibrinous, granulated, intact, approximated, etc. The wound bed appearance may or may not be differentiated from the wound edge, especially if the wound is healing well. - LOINC 72371-8 (Appearance of Wound base)",
        "min": 0,
        "max": "*",
        "base": {
          "path": "fsw-WoundBaseAppearance-model",
          "min": 0,
          "max": "*"
        },
        "mustSupport": false,
        "isModifier": false,
        "isSummary": false
      },
      {
        "id": "fsw-WoundBaseAppearance-model.value",
        "path": "fsw-WoundBaseAppearance-model.value",
        "short": "Code representing described as necrotic, sloughing, fibrinous, granulated, intact, approximated, etc. The wound bed appearance may or may not be differentiated from the wound edge, especially if the wound is healing well. - LOINC 72371-8 (Appearance of Wound base)",
        "definition": "Code representing described as necrotic, sloughing, fibrinous, granulated, intact, approximated, etc. The wound bed appearance may or may not be differentiated from the wound edge, especially if the wound is healing well. - LOINC 72371-8 (Appearance of Wound base)",
        "min": 1,
        "max": "1",
        "base": {
          "path": "fsw-WoundBaseAppearance-model.value",
          "min": 1,
          "max": "1"
        },
        "type": [
          {
            "code": "Coding"
          }
        ],
        "mustSupport": false,
        "isModifier": false,
        "isSummary": false,
        "binding": {
          "strength": "required",
          "valueSetReference": {
            "reference": "https://vsac.nlm.nih.gov/valueset/2.16.840.1.113762.1.4.1181.6/expansion"
          }
        }
      },
      {
        "id": "fsw-WoundBaseAppearance-model.topicCode",
        "path": "fsw-WoundBaseAppearance-model.topicCode",
        "short": "The concept representing the finding or action that is the topic of the statement.",
        "definition": "The concept representing the finding or action that is the topic of the statement.\nFor action topics, the TopicCode represents the action being described. For findings, the TopicCode represents the 'question' or property being investigated. For evaluation result findings, the TopicCode contains a concept for an observable entity, such as systolic blood pressure. For assertion findings, the TopicCode contains a code representing the condition, allergy, or other item being asserted. In all cases, the TopicCode describes the topic  of the action or the finding.",
        "min": 0,
        "max": "1",
        "base": {
          "path": "fsw-WoundBaseAppearance-model.topicCode",
          "min": 0,
          "max": "1"
        },
        "type": [
          {
            "code": "Coding"
          }
        ],
        "mustSupport": false,
        "isModifier": false,
        "isSummary": false
      },
      {
        "id": "fsw-WoundBaseAppearance-model.exceptionValue",
        "path": "fsw-WoundBaseAppearance-model.exceptionValue",
        "short": "A value describing the reason for a missing value.",
        "definition": "A value describing the reason for a missing value.",
        "min": 0,
        "max": "1",
        "base": {
          "path": "fsw-WoundBaseAppearance-model.exceptionValue",
          "min": 0,
          "max": "1"
        },
        "type": [
          {
            "code": "Coding"
          }
        ],
        "mustSupport": false,
        "isModifier": false,
        "isSummary": false,
        "binding": {
          "strength": "extensible",
          "valueSetReference": {
            "reference": "http://hl7.org/fhir/ValueSet/data-absent-reason"
          }
        }
      },
      {
        "id": "fsw-WoundBaseAppearance-model.interpretation",
        "path": "fsw-WoundBaseAppearance-model.interpretation",
        "short": "Description",
        "definition": "Description",
        "min": 0,
        "max": "1",
        "base": {
          "path": "fsw-WoundBaseAppearance-model.interpretation",
          "min": 0,
          "max": "1"
        },
        "type": [
          {
            "code": "Coding"
          }
        ],
        "mustSupport": false,
        "isModifier": false,
        "isSummary": false
      }
    ]
  }
}