{"resourceType":"StructureDefinition","id":"cimi-entity-CollectionMethod-model","text":{"status":"generated","div":"<div xmlns=\"http://www.w3.org/1999/xhtml\">\n  <p><b>SW CollectionMethod Logical Model</b></p>\n  <p>How the specimen was obtained.</p>\n</div>"},"url":"http://hl7.org/fhir/us/sw/StructureDefinition/cimi-entity-CollectionMethod-model","identifier":[{"system":"http://hl7.org/fhir/us/sw","value":"cimi.entity.CollectionMethod"}],"version":"1.0.0","name":"CollectionMethodModel","title":"SW CollectionMethod Logical Model","status":"draft","date":"2018-08-17T00:00:00-04:00","publisher":"HL7 Patient Care and Clinical Information Modeling Initiative Work Groups","contact":[{"telecom":[{"system":"url","value":"http://standardhealthrecord.org"}]}],"description":"How the specimen was obtained.","fhirVersion":"3.0.1","kind":"logical","abstract":false,"type":"cimi-entity-CollectionMethod-model","baseDefinition":"http://hl7.org/fhir/StructureDefinition/Element","derivation":"specialization","snapshot":{"element":[{"id":"cimi-entity-CollectionMethod-model","path":"cimi-entity-CollectionMethod-model","definition":"How the specimen was obtained.","min":0,"max":"*","base":{"path":"cimi-entity-CollectionMethod-model","min":0,"max":"*"},"mustSupport":false,"isModifier":false,"isSummary":false},{"id":"cimi-entity-CollectionMethod-model.value","path":"cimi-entity-CollectionMethod-model.value","short":"Code representing how the specimen was obtained.","definition":"Code representing how the specimen was obtained.","min":1,"max":"1","base":{"path":"cimi-entity-CollectionMethod-model.value","min":1,"max":"1"},"type":[{"code":"Coding"}],"mustSupport":false,"isModifier":false,"isSummary":false}]},"differential":{"element":[{"id":"cimi-entity-CollectionMethod-model","path":"cimi-entity-CollectionMethod-model","definition":"How the specimen was obtained.","min":0,"max":"*","base":{"path":"cimi-entity-CollectionMethod-model","min":0,"max":"*"},"mustSupport":false,"isModifier":false,"isSummary":false},{"id":"cimi-entity-CollectionMethod-model.value","path":"cimi-entity-CollectionMethod-model.value","short":"Code representing how the specimen was obtained.","definition":"Code representing how the specimen was obtained.","min":1,"max":"1","base":{"path":"cimi-entity-CollectionMethod-model.value","min":1,"max":"1"},"type":[{"code":"Coding"}],"mustSupport":false,"isModifier":false,"isSummary":false}]}}