{"resourceType":"StructureDefinition","id":"cimi-entity-LotNumber-model","text":{"status":"generated","div":"<div xmlns=\"http://www.w3.org/1999/xhtml\">\n  <p><b>SW LotNumber Logical Model</b></p>\n  <p>A distinctive alpha-numeric identification code assigned by the manufacturer or distributor to a specific quantity of manufactured material or product within a batch.</p>\n</div>"},"url":"http://hl7.org/fhir/us/sw/StructureDefinition/cimi-entity-LotNumber-model","identifier":[{"system":"http://hl7.org/fhir/us/sw","value":"cimi.entity.LotNumber"}],"version":"1.0.0","name":"LotNumberModel","title":"SW LotNumber Logical Model","status":"draft","date":"2018-08-17T00:00:00-04:00","publisher":"HL7 Patient Care and Clinical Information Modeling Initiative Work Groups","contact":[{"telecom":[{"system":"url","value":"http://standardhealthrecord.org"}]}],"description":"A distinctive alpha-numeric identification code assigned by the manufacturer or distributor to a specific quantity of manufactured material or product within a batch.","keyword":[{"system":"http://ncimeta.nci.nih.gov","code":"C1115660"}],"fhirVersion":"3.0.1","kind":"logical","abstract":false,"type":"cimi-entity-LotNumber-model","baseDefinition":"http://hl7.org/fhir/StructureDefinition/Element","derivation":"specialization","snapshot":{"element":[{"id":"cimi-entity-LotNumber-model","path":"cimi-entity-LotNumber-model","definition":"A distinctive alpha-numeric identification code assigned by the manufacturer or distributor to a specific quantity of manufactured material or product within a batch.","min":0,"max":"*","base":{"path":"cimi-entity-LotNumber-model","min":0,"max":"*"},"mustSupport":false,"isModifier":false,"isSummary":false},{"id":"cimi-entity-LotNumber-model.value","path":"cimi-entity-LotNumber-model.value","short":"String representing a distinctive alpha-numeric identification code assigned by the manufacturer or distributor to a specific quantity of manufactured material or product within a batch.","definition":"String representing a distinctive alpha-numeric identification code assigned by the manufacturer or distributor to a specific quantity of manufactured material or product within a batch.","min":1,"max":"1","base":{"path":"cimi-entity-LotNumber-model.value","min":1,"max":"1"},"type":[{"code":"string"}],"mustSupport":false,"isModifier":false,"isSummary":false}]},"differential":{"element":[{"id":"cimi-entity-LotNumber-model","path":"cimi-entity-LotNumber-model","definition":"A distinctive alpha-numeric identification code assigned by the manufacturer or distributor to a specific quantity of manufactured material or product within a batch.","min":0,"max":"*","base":{"path":"cimi-entity-LotNumber-model","min":0,"max":"*"},"mustSupport":false,"isModifier":false,"isSummary":false},{"id":"cimi-entity-LotNumber-model.value","path":"cimi-entity-LotNumber-model.value","short":"String representing a distinctive alpha-numeric identification code assigned by the manufacturer or distributor to a specific quantity of manufactured material or product within a batch.","definition":"String representing a distinctive alpha-numeric identification code assigned by the manufacturer or distributor to a specific quantity of manufactured material or product within a batch.","min":1,"max":"1","base":{"path":"cimi-entity-LotNumber-model.value","min":1,"max":"1"},"type":[{"code":"string"}],"mustSupport":false,"isModifier":false,"isSummary":false}]}}