"Path","Slice Name","Alias(s)","Label","Min","Max","Must Support?","Is Modifier?","Is Summary?","Type(s)","Short","Definition","Comments","Requirements","Default Value","Meaning When Missing","Fixed Value","Pattern","Example","Minimum Value","Maximum Value","Maximum Length","Binding Strength","Binding Description","Binding Value Set","Code","Slicing Discriminator","Slicing Description","Slicing Ordered","Slicing Rules","Base Path","Base Min","Base Max","Condition(s)","Constraint(s)"
"fsw-IsTunnelingPresent-model","","","",0,*,"","","","","","Tunneling of a wound refers to a narrow opening or pathway underneath the skin that may extend in any direction, resulting in dead space with potential for abscess formation. - LOINC 72298-3 (Tunneling of Wound) In Loinc this is a code with Yes, No values","","","","","","","","","",,,,,"",,,,"fsw-IsTunnelingPresent-model",0,*,"",""
"fsw-IsTunnelingPresent-model.value","","","",1,1,"","","","Coding {[]} {[]}
","Code representing tunneling of a wound refers to a narrow opening or pathway underneath the skin that may extend in any direction, resulting in dead space with potential for abscess formation. - LOINC 72298-3 (Tunneling of Wound) In Loinc this is a code with Yes, No values","Code representing tunneling of a wound refers to a narrow opening or pathway underneath the skin that may extend in any direction, resulting in dead space with potential for abscess formation. - LOINC 72298-3 (Tunneling of Wound) In Loinc this is a code with Yes, No values","","","","","","","","","",,"required","","https://vsac.nlm.nih.gov/valueset/2.16.840.1.113762.1.4.1181.9/expansion","",,,,"fsw-IsTunnelingPresent-model.value",1,1,"",""
"fsw-IsTunnelingPresent-model.topicCode","","","",0,1,"","","","Coding {[]} {[]}
","The concept representing the finding or action that is the topic of the statement.","The concept representing the finding or action that is the topic of the statement.
For action topics, the TopicCode represents the action being described. For findings, the TopicCode represents the 'question' or property being investigated. For evaluation result findings, the TopicCode contains a concept for an observable entity, such as systolic blood pressure. For assertion findings, the TopicCode contains a code representing the condition, allergy, or other item being asserted. In all cases, the TopicCode describes the topic  of the action or the finding.","","","","","","","","","",,,,,"",,,,"fsw-IsTunnelingPresent-model.topicCode",0,1,"",""
"fsw-IsTunnelingPresent-model.exceptionValue","","","",0,1,"","","","Coding {[]} {[]}
","A value describing the reason for a missing value.","A value describing the reason for a missing value.","","","","","","","","","",,"extensible","","http://hl7.org/fhir/ValueSet/data-absent-reason","",,,,"fsw-IsTunnelingPresent-model.exceptionValue",0,1,"",""
"fsw-IsTunnelingPresent-model.interpretation","","","",0,1,"","","","Coding {[]} {[]}
","Description","Description","","","","","","","","","",,,,,"",,,,"fsw-IsTunnelingPresent-model.interpretation",0,1,"",""
