"Path","Slice Name","Alias(s)","Label","Min","Max","Must Support?","Is Modifier?","Is Summary?","Type(s)","Short","Definition","Comments","Requirements","Default Value","Meaning When Missing","Fixed Value","Pattern","Example","Minimum Value","Maximum Value","Maximum Length","Binding Strength","Binding Description","Binding Value Set","Code","Slicing Discriminator","Slicing Description","Slicing Ordered","Slicing Rules","Base Path","Base Min","Base Max","Condition(s)","Constraint(s)"
"fsw-WoundLength-model","","","",0,*,"","","","","","- LOINC 39126-8 (Length of Wound)","","","","","","","","","",,,,,"",,,,"fsw-WoundLength-model",0,*,"",""
"fsw-WoundLength-model.value","","","",1,1,"","","","http://hl7.org/fhir/us/fsw/StructureDefinition/shr-core-Quantity-model {[]} {[]}
","Quantity representing - LOINC 39126-8 (Length of Wound)","Quantity representing - LOINC 39126-8 (Length of Wound)","","","","","","","","","",,,,,"",,,,"fsw-WoundLength-model.value",1,1,"",""
"fsw-WoundLength-model.value.value","","","",0,1,"","","","decimal {[]} {[]}
","Decimal representing a quantity with units, whose value may be bounded from above or below, as defined in FHIR","Decimal representing a quantity with units, whose value may be bounded from above or below, as defined in FHIR","","","","","","","","","",,,,,"",,,,"fsw-WoundLength-model.value.value",0,1,"",""
"fsw-WoundLength-model.value.comparator","","","",0,1,"","","","code {[]} {[]}
","Comparator","Comparator","","","","","","","","","",,"required","","http://hl7.org/fhir/ValueSet/quantity-comparator","",,,,"fsw-WoundLength-model.value.comparator",0,1,"",""
"fsw-WoundLength-model.value.units","","","",0,1,"","","","Coding {[]} {[]}
","Code for the unit of measure of the quantity.","Code for the unit of measure of the quantity.","","","","","","","","","",,,,,"http://ncimeta.nci.nih.gov#C0805701
",,,,"fsw-WoundLength-model.value.units",0,1,"",""
"fsw-WoundLength-model.value.units.id","","","",0,1,"","","","string {[]} {[]}
","xml:id (or equivalent in JSON)","unique id for the element within a resource (for internal references). This may be any string value that does not contain spaces.","","","","","","","","","",,,,,"",,,,"Element.id",0,1,"",""
"fsw-WoundLength-model.value.units.extension","","","",0,*,"","","","Extension {[]} {[]}
","Additional Content defined by implementations","May be used to represent additional information that is not part of the basic definition of the element. In order to make the use of extensions safe and manageable, there is a strict set of governance  applied to the definition and use of extensions. Though any implementer is allowed to define an extension, there is a set of requirements that SHALL be met as part of the definition of the extension.","There can be no stigma associated with the use of extensions by any application, project, or standard - regardless of the institution or jurisdiction that uses or defines the extensions.  The use of extensions is what allows the FHIR specification to retain a core level of simplicity for everyone.","","","","","","","","",,,,,"","value:url}
","Extensions are always sliced by (at least) url",,"open","Element.extension",0,*,"",""
"fsw-WoundLength-model.value.units.system","","","",1,1,"","","Y","uri {[]} {[]}
","Identity of the terminology system","The identification of the code system that defines the meaning of the symbol in the code.","The URI may be an OID (urn:oid:...) or a UUID (urn:uuid:...).  OIDs and UUIDs SHALL be references to the HL7 OID registry. Otherwise, the URI should come from HL7's list of FHIR defined special URIs or it should de-reference to some definition that establish the system clearly and unambiguously.","Need to be unambiguous about the source of the definition of the symbol.","","","<valueUri xmlns=""http://hl7.org/fhir"" value=""http://unitsofmeasure.org""/>","","","","",,,,,"",,,,"Coding.system",0,1,"",""
"fsw-WoundLength-model.value.units.version","","","",0,1,"","","Y","string {[]} {[]}
","Version of the system - if relevant","The version of the code system which was used when choosing this code. Note that a well-maintained code system does not need the version reported, because the meaning of codes is consistent across versions. However this cannot consistently be assured. and when the meaning is not guaranteed to be consistent, the version SHOULD be exchanged.","Where the terminology does not clearly define what string should be used to identify code system versions, the recommendation is to use the date (expressed in FHIR date format) on which that version was officially published as the version date.","","","","","","","","",,,,,"",,,,"Coding.version",0,1,"",""
"fsw-WoundLength-model.value.units.code","","","",1,1,"","","Y","code {[]} {[]}
","Symbol in syntax defined by the system","A symbol in syntax defined by the system. The symbol may be a predefined code or an expression in a syntax defined by the coding system (e.g. post-coordination).","","Need to refer to a particular code in the system.","","","<valueCode xmlns=""http://hl7.org/fhir"" value=""cm""/>","","","","",,,,,"",,,,"Coding.code",0,1,"",""
"fsw-WoundLength-model.value.units.display","","","",0,1,"","","Y","string {[]} {[]}
","Representation defined by the system","A representation of the meaning of the code in the system, following the rules of the system.","","Need to be able to carry a human-readable meaning of the code for readers that do not know  the system.","","","","","","","",,,,,"",,,,"Coding.display",0,1,"",""
"fsw-WoundLength-model.value.units.userSelected","","","",0,1,"","","Y","boolean {[]} {[]}
","If this coding was chosen directly by the user","Indicates that this coding was chosen by a user directly - i.e. off a pick list of available items (codes or displays).","Amongst a set of alternatives, a directly chosen code is the most appropriate starting point for new translations. There is some ambiguity about what exactly 'directly chosen' implies, and trading partner agreement may be needed to clarify the use of this element and its consequences more completely.","This has been identified as a clinical safety criterium - that this exact system/code pair was chosen explicitly, rather than inferred by the system based on some rules or language processing.","","","","","","","",,,,,"",,,,"Coding.userSelected",0,1,"",""
"fsw-WoundLength-model.topicCode","","","",0,1,"","","","Coding {[]} {[]}
","The concept representing the finding or action that is the topic of the statement.","The concept representing the finding or action that is the topic of the statement.
For action topics, the TopicCode represents the action being described. For findings, the TopicCode represents the 'question' or property being investigated. For evaluation result findings, the TopicCode contains a concept for an observable entity, such as systolic blood pressure. For assertion findings, the TopicCode contains a code representing the condition, allergy, or other item being asserted. In all cases, the TopicCode describes the topic  of the action or the finding.","","","","","","","","","",,,,,"",,,,"fsw-WoundLength-model.topicCode",0,1,"",""
"fsw-WoundLength-model.exceptionValue","","","",0,1,"","","","Coding {[]} {[]}
","A value describing the reason for a missing value.","A value describing the reason for a missing value.","","","","","","","","","",,"extensible","","http://hl7.org/fhir/ValueSet/data-absent-reason","",,,,"fsw-WoundLength-model.exceptionValue",0,1,"",""
"fsw-WoundLength-model.interpretation","","","",0,1,"","","","Coding {[]} {[]}
","Description","Description","","","","","","","","","",,,,,"",,,,"fsw-WoundLength-model.interpretation",0,1,"",""
