"Path","Slice Name","Alias(s)","Label","Min","Max","Must Support?","Is Modifier?","Is Summary?","Type(s)","Short","Definition","Comments","Requirements","Default Value","Meaning When Missing","Fixed Value","Pattern","Example","Minimum Value","Maximum Value","Maximum Length","Binding Strength","Binding Description","Binding Value Set","Code","Slicing Discriminator","Slicing Description","Slicing Ordered","Slicing Rules","Base Path","Base Min","Base Max","Condition(s)","Constraint(s)"
"fsw-ObservationStatement-model","","","",0,*,"","","","","","A base class for representing observed facts, including provenance","","","","","","","","","",,,,,"",,,,"fsw-ObservationStatement-model",0,*,"",""
"fsw-ObservationStatement-model.value[x]","","","",1,1,"","","","Coding {[]} {[]}
http://hl7.org/fhir/us/fsw/StructureDefinition/shr-core-Quantity-model {[]} {[]}","Code or Quantity representing a base class for representing observed facts, including provenance","Code or Quantity representing a base class for representing observed facts, including provenance","","","","","","","","","",,,,,"",,,,"fsw-ObservationStatement-model.value[x]",1,1,"",""
"fsw-ObservationStatement-model.comment","","","",0,1,"","","","string {[]} {[]}
","Description","Description","","","","","","","","","",,,,,"",,,,"fsw-ObservationStatement-model.comment",0,1,"",""
"fsw-ObservationStatement-model.topicCode","","","",1,1,"","","","Coding {[]} {[]}
","The concept representing the finding or action that is the topic of the statement.","The concept representing the finding or action that is the topic of the statement.
For action topics, the TopicCode represents the action being described. For findings, the TopicCode represents the 'question' or property being investigated. For evaluation result findings, the TopicCode contains a concept for an observable entity, such as systolic blood pressure. For assertion findings, the TopicCode contains a code representing the condition, allergy, or other item being asserted. In all cases, the TopicCode describes the topic  of the action or the finding.","","","","","","","","","",,,,,"",,,,"fsw-ObservationStatement-model.topicCode",1,1,"",""
"fsw-ObservationStatement-model.category","","","",0,1,"","","","Coding {[]} {[]}
","Description","Description","","","","","","","","","",,,,,"",,,,"fsw-ObservationStatement-model.category",0,1,"",""
"fsw-ObservationStatement-model.dataAbsentReason","","","",0,1,"","","","Coding {[]} {[]}
","Description","Description","","","","","","","","","",,,,,"",,,,"fsw-ObservationStatement-model.dataAbsentReason",0,1,"",""
"fsw-ObservationStatement-model.dateTime","","","",0,1,"","","","dateTime {[]} {[]}
","Description","Description","","","","","","","","","",,,,,"",,,,"fsw-ObservationStatement-model.dateTime",0,1,"",""
"fsw-ObservationStatement-model.dateTimeIssued","","","",0,1,"","","","dateTime {[]} {[]}
","Description","Description","","","","","","","","","",,,,,"",,,,"fsw-ObservationStatement-model.dateTimeIssued",0,1,"",""
"fsw-ObservationStatement-model.description","","","",0,1,"","","","http://hl7.org/fhir/us/fsw/StructureDefinition/shr-base-Narrative-model {[]} {[]}
","Description","Description","","","","","","","","","",,,,,"",,,,"fsw-ObservationStatement-model.description",0,1,"",""
"fsw-ObservationStatement-model.evaluationComponent","","","",0,*,"","","","http://hl7.org/fhir/us/fsw/StructureDefinition/shr-core-EvaluationComponent-model {[]} {[]}
","A simplified, non-separable evaluation consisting of a finding code (represented by the Concept), value (or exception value), reference range, and interpretation. The subject of the evaluation component is the same as in the parent evaluation.","A simplified, non-separable evaluation consisting of a finding code (represented by the Concept), value (or exception value), reference range, and interpretation. The subject of the evaluation component is the same as in the parent evaluation.","","","","","","","","","",,,,,"",,,,"fsw-ObservationStatement-model.evaluationComponent",0,*,"",""
"fsw-ObservationStatement-model.interpretation","","","",0,1,"","","","Coding {[]} {[]}
","Description","Description","","","","","","","","","",,,,,"",,,,"fsw-ObservationStatement-model.interpretation",0,1,"",""
"fsw-ObservationStatement-model.method","","","",0,1,"","","","Coding {[]} {[]}
","Description","Description","","","","","","","","","",,,,,"",,,,"fsw-ObservationStatement-model.method",0,1,"",""
"fsw-ObservationStatement-model.resultStatus","","","",1,1,"","","","Coding {[]} {[]}
","Description","Description","","","","","","","","","",,"required","","http://hl7.org/fhir/ValueSet/observation-status","",,,,"fsw-ObservationStatement-model.resultStatus",1,1,"",""
"fsw-ObservationStatement-model.panelMembers","","","",0,1,"","","","http://hl7.org/fhir/us/fsw/StructureDefinition/fsw-PanelMembers-model {[]} {[]}
","PanelMembers represent the elements of a group of a related but independent evaluations.","PanelMembers represent the elements of a group of a related but independent evaluations.
Examples are the measurements that compose a complete blood count (CBC), or the elements of a pathology report. Each member is an independent evaluation, but the grouping reflects a composite lab order, shared specimen, or a single report author. Typically the Category and Reason are not given for individual findings that are part of the panel, but rather given at the level of the panel itself.","","","","","","","","","",,,,,"",,,,"fsw-ObservationStatement-model.panelMembers",0,1,"",""
