"Path","Slice Name","Alias(s)","Label","Min","Max","Must Support?","Is Modifier?","Is Summary?","Type(s)","Short","Definition","Comments","Requirements","Default Value","Meaning When Missing","Fixed Value","Pattern","Example","Minimum Value","Maximum Value","Maximum Length","Binding Strength","Binding Description","Binding Value Set","Code","Slicing Discriminator","Slicing Description","Slicing Ordered","Slicing Rules","Base Path","Base Min","Base Max","Condition(s)","Constraint(s)"
"fsw-DateAbated-model","","","",0,*,"","","","","","The date that a condition resolved, went into remission, or was no longer relevant, or the date on which this is expected to occur. This concept is based on the abatement element within the HL7 FHIR Condition Resource. - LOINC 88878-4 (Date of condition abatement)","","","","","","","","","",,,,,"",,,,"fsw-DateAbated-model",0,*,"",""
"fsw-DateAbated-model.value","","","",1,1,"","","","dateTime {[]} {[]}
","DateTime representing the date that a condition resolved, went into remission, or was no longer relevant, or the date on which this is expected to occur. This concept is based on the abatement element within the HL7 FHIR Condition Resource. - LOINC 88878-4 (Date of condition abatement)","DateTime representing the date that a condition resolved, went into remission, or was no longer relevant, or the date on which this is expected to occur. This concept is based on the abatement element within the HL7 FHIR Condition Resource. - LOINC 88878-4 (Date of condition abatement)","","","","","","","","","",,,,,"",,,,"fsw-DateAbated-model.value",1,1,"",""
"fsw-DateAbated-model.topicCode","","","",0,1,"","","","Coding {[]} {[]}
","The concept representing the finding or action that is the topic of the statement.","The concept representing the finding or action that is the topic of the statement.
For action topics, the TopicCode represents the action being described. For findings, the TopicCode represents the 'question' or property being investigated. For evaluation result findings, the TopicCode contains a concept for an observable entity, such as systolic blood pressure. For assertion findings, the TopicCode contains a code representing the condition, allergy, or other item being asserted. In all cases, the TopicCode describes the topic  of the action or the finding.","","","","","","","","","",,,,,"",,,,"fsw-DateAbated-model.topicCode",0,1,"",""
"fsw-DateAbated-model.exceptionValue","","","",0,1,"","","","Coding {[]} {[]}
","A value describing the reason for a missing value.","A value describing the reason for a missing value.","","","","","","","","","",,"extensible","","http://hl7.org/fhir/ValueSet/data-absent-reason","",,,,"fsw-DateAbated-model.exceptionValue",0,1,"",""
"fsw-DateAbated-model.interpretation","","","",0,1,"","","","Coding {[]} {[]}
","Description","Description","","","","","","","","","",,,,,"",,,,"fsw-DateAbated-model.interpretation",0,1,"",""
