"Path","Slice Name","Alias(s)","Label","Min","Max","Must Support?","Is Modifier?","Is Summary?","Type(s)","Short","Definition","Comments","Requirements","Default Value","Meaning When Missing","Fixed Value","Pattern","Example","Minimum Value","Maximum Value","Maximum Length","Binding Strength","Binding Description","Binding Value Set","Code","Slicing Discriminator","Slicing Description","Slicing Ordered","Slicing Rules","Base Path","Base Min","Base Max","Condition(s)","Constraint(s)"
"shr-core-CodedEvaluationComponent-model","","","",0,*,"","","","","CodedEvaluationComponent","CodedEvaluationComponent","","","","","","","","","",,,,,"",,,,"shr-core-CodedEvaluationComponent-model",0,*,"",""
"shr-core-CodedEvaluationComponent-model.value","","","",1,1,"","","","Coding {[]} {[]}
","Code representing the logical model instance","Code representing the logical model instance","","","","","","","","","",,,,,"",,,,"shr-core-CodedEvaluationComponent-model.value",1,1,"",""
"shr-core-CodedEvaluationComponent-model.topicCode","","","",0,1,"","","","Coding {[]} {[]}
","The concept representing the finding or action that is the topic of the statement.","The concept representing the finding or action that is the topic of the statement.
For action topics, the TopicCode represents the action being described. For findings, the TopicCode represents the 'question' or property being investigated. For evaluation result findings, the TopicCode contains a concept for an observable entity, such as systolic blood pressure. For assertion findings, the TopicCode contains a code representing the condition, allergy, or other item being asserted. In all cases, the TopicCode describes the topic  of the action or the finding.","","","","","","","","","",,,,,"",,,,"shr-core-CodedEvaluationComponent-model.topicCode",0,1,"",""
"shr-core-CodedEvaluationComponent-model.exceptionValue","","","",0,1,"","","","Coding {[]} {[]}
","A value describing the reason for a missing value.","A value describing the reason for a missing value.","","","","","","","","","",,"extensible","","http://hl7.org/fhir/ValueSet/data-absent-reason","",,,,"shr-core-CodedEvaluationComponent-model.exceptionValue",0,1,"",""
"shr-core-CodedEvaluationComponent-model.interpretation","","","",0,1,"","","","Coding {[]} {[]}
","Description","Description","","","","","","","","","",,,,,"",,,,"shr-core-CodedEvaluationComponent-model.interpretation",0,1,"",""
