"Path","Slice Name","Alias(s)","Label","Min","Max","Must Support?","Is Modifier?","Is Summary?","Type(s)","Short","Definition","Comments","Requirements","Default Value","Meaning When Missing","Fixed Value","Pattern","Example","Minimum Value","Maximum Value","Maximum Length","Binding Strength","Binding Description","Binding Value Set","Code","Slicing Discriminator","Slicing Description","Slicing Ordered","Slicing Rules","Base Path","Base Min","Base Max","Condition(s)","Constraint(s)"
"shr-core-Quantity-model","","","",0,*,"","","","","","A quantity with units, whose value may be bounded from above or below, as defined in FHIR","","","","","","","","","",,,,,"",,,,"shr-core-Quantity-model",0,*,"",""
"shr-core-Quantity-model.value","","","",0,1,"","","","decimal {[]} {[]}
","Decimal representing a quantity with units, whose value may be bounded from above or below, as defined in FHIR","Decimal representing a quantity with units, whose value may be bounded from above or below, as defined in FHIR","","","","","","","","","",,,,,"",,,,"shr-core-Quantity-model.value",0,1,"",""
"shr-core-Quantity-model.comparator","","","",0,1,"","","","code {[]} {[]}
","Comparator","Comparator","","","","","","","","","",,"required","","http://hl7.org/fhir/ValueSet/quantity-comparator","",,,,"shr-core-Quantity-model.comparator",0,1,"",""
"shr-core-Quantity-model.units","","","",0,1,"","","","Coding {[]} {[]}
","Code for the unit of measure of the quantity.","Code for the unit of measure of the quantity.","","","","","","","","","",,"preferred","","http://hl7.org/fhir/us/fsw/ValueSet/shr-core-AllUnitsVS","http://ncimeta.nci.nih.gov#C0805701
",,,,"shr-core-Quantity-model.units",0,1,"",""
