<?xml version="1.0" encoding="UTF-8"?>

<StructureDefinition xmlns="http://hl7.org/fhir">
  <id value="fsw-ObservedCharacteristic-model"/>
  <text>
    <status value="generated"/><div xmlns="http://www.w3.org/1999/xhtml">
  <p><b>SW ObservedCharacteristic Logical Model</b></p>
  <p>A coded property.</p>
</div>
  </text>
  <url value="http://hl7.org/fhir/us/fsw/StructureDefinition/fsw-ObservedCharacteristic-model"/>
  <identifier>
    <system value="http://hl7.org/fhir/us/fsw"/>
    <value value="fsw.ObservedCharacteristic"/>
  </identifier>
  <version value="1.0.0"/>
  <name value="ObservedCharacteristicModel"/>
  <title value="SW ObservedCharacteristic Logical Model"/>
  <status value="draft"/>
  <date value="2018-08-21T00:00:00-04:00"/>
  <publisher value="HL7 Patient Care and Clinical Information Modeling Initiative Work Groups"/>
  <contact>
    <telecom>
      <system value="url"/>
      <value value="http://standardhealthrecord.org"/>
    </telecom>
  </contact>
  <description value="A coded property."/>
  <kind value="logical"/>
  <abstract value="false"/>
  <type value="fsw-ObservedCharacteristic-model"/>
  <baseDefinition value="http://hl7.org/fhir/StructureDefinition/Element"/>
  <derivation value="specialization"/>
  <snapshot>
    <element id="fsw-ObservedCharacteristic-model">
      <path value="fsw-ObservedCharacteristic-model"/>
      <definition value="A coded property."/>
      <min value="0"/>
      <max value="*"/>
      <base>
        <path value="fsw-ObservedCharacteristic-model"/>
        <min value="0"/>
        <max value="*"/>
      </base>
      <mustSupport value="false"/>
      <isModifier value="false"/>
      <isSummary value="false"/>
    </element>
    <element id="fsw-ObservedCharacteristic-model.value">
      <path value="fsw-ObservedCharacteristic-model.value"/>
      <short value="Code representing a coded property."/>
      <definition value="Code representing a coded property."/>
      <min value="1"/>
      <max value="1"/>
      <base>
        <path value="fsw-ObservedCharacteristic-model.value"/>
        <min value="1"/>
        <max value="1"/>
      </base>
      <type>
        <code value="Coding"/>
      </type>
      <mustSupport value="false"/>
      <isModifier value="false"/>
      <isSummary value="false"/>
    </element>
  </snapshot>
  <differential>
    <element id="fsw-ObservedCharacteristic-model">
      <path value="fsw-ObservedCharacteristic-model"/>
      <definition value="A coded property."/>
      <min value="0"/>
      <max value="*"/>
      <base>
        <path value="fsw-ObservedCharacteristic-model"/>
        <min value="0"/>
        <max value="*"/>
      </base>
      <mustSupport value="false"/>
      <isModifier value="false"/>
      <isSummary value="false"/>
    </element>
    <element id="fsw-ObservedCharacteristic-model.value">
      <path value="fsw-ObservedCharacteristic-model.value"/>
      <short value="Code representing a coded property."/>
      <definition value="Code representing a coded property."/>
      <min value="1"/>
      <max value="1"/>
      <base>
        <path value="fsw-ObservedCharacteristic-model.value"/>
        <min value="1"/>
        <max value="1"/>
      </base>
      <type>
        <code value="Coding"/>
      </type>
      <mustSupport value="false"/>
      <isModifier value="false"/>
      <isSummary value="false"/>
    </element>
  </differential>
</StructureDefinition>