<?xml version="1.0" encoding="UTF-8"?>

<StructureDefinition xmlns="http://hl7.org/fhir">
  <id value="fsw-LateralityComponent-model"/>
  <text>
    <status value="generated"/><div xmlns="http://www.w3.org/1999/xhtml">
  <p><b>SW LateralityComponent Logical Model</b></p>
  <p>- LOINC 20228-3 (Anatomic part Laterality)</p>
</div>
  </text>
  <url value="http://hl7.org/fhir/us/fsw/StructureDefinition/fsw-LateralityComponent-model"/>
  <identifier>
    <system value="http://hl7.org/fhir/us/fsw"/>
    <value value="fsw.LateralityComponent"/>
  </identifier>
  <version value="1.0.0"/>
  <name value="LateralityComponentModel"/>
  <title value="SW LateralityComponent Logical Model"/>
  <status value="draft"/>
  <date value="2018-08-21T00:00:00-04:00"/>
  <publisher value="HL7 Patient Care and Clinical Information Modeling Initiative Work Groups"/>
  <contact>
    <telecom>
      <system value="url"/>
      <value value="http://standardhealthrecord.org"/>
    </telecom>
  </contact>
  <description value="- LOINC 20228-3 (Anatomic part Laterality)"/>
  <keyword>
    <system value="http://loinc.org"/>
    <code value="20228-3"/>
  </keyword>
  <kind value="logical"/>
  <abstract value="false"/>
  <type value="fsw-LateralityComponent-model"/>
  <baseDefinition value="http://hl7.org/fhir/StructureDefinition/Element"/>
  <derivation value="specialization"/>
  <snapshot>
    <element id="fsw-LateralityComponent-model">
      <path value="fsw-LateralityComponent-model"/>
      <definition value="- LOINC 20228-3 (Anatomic part Laterality)"/>
      <min value="0"/>
      <max value="*"/>
      <base>
        <path value="fsw-LateralityComponent-model"/>
        <min value="0"/>
        <max value="*"/>
      </base>
      <mustSupport value="false"/>
      <isModifier value="false"/>
      <isSummary value="false"/>
    </element>
    <element id="fsw-LateralityComponent-model.value">
      <path value="fsw-LateralityComponent-model.value"/>
      <short value="Code representing - LOINC 20228-3 (Anatomic part Laterality)"/>
      <definition value="Code representing - LOINC 20228-3 (Anatomic part Laterality)"/>
      <min value="1"/>
      <max value="1"/>
      <base>
        <path value="fsw-LateralityComponent-model.value"/>
        <min value="1"/>
        <max value="1"/>
      </base>
      <type>
        <code value="Coding"/>
      </type>
      <mustSupport value="false"/>
      <isModifier value="false"/>
      <isSummary value="false"/>
      <binding>
        <strength value="required"/>
        <valueSetReference>
          <reference value="https://fhir.loinc.org/ValueSet/LL3803-5"/>
        </valueSetReference>
      </binding>
    </element>
    <element id="fsw-LateralityComponent-model.topicCode">
      <path value="fsw-LateralityComponent-model.topicCode"/>
      <short value="The concept representing the finding or action that is the topic of the statement."/>
      <definition value="The concept representing the finding or action that is the topic of the statement.&#xA;For action topics, the TopicCode represents the action being described. For findings, the TopicCode represents the &#39;question&#39; or property being investigated. For evaluation result findings, the TopicCode contains a concept for an observable entity, such as systolic blood pressure. For assertion findings, the TopicCode contains a code representing the condition, allergy, or other item being asserted. In all cases, the TopicCode describes the topic  of the action or the finding."/>
      <min value="0"/>
      <max value="1"/>
      <base>
        <path value="fsw-LateralityComponent-model.topicCode"/>
        <min value="0"/>
        <max value="1"/>
      </base>
      <type>
        <code value="Coding"/>
      </type>
      <mustSupport value="false"/>
      <isModifier value="false"/>
      <isSummary value="false"/>
    </element>
    <element id="fsw-LateralityComponent-model.exceptionValue">
      <path value="fsw-LateralityComponent-model.exceptionValue"/>
      <short value="A value describing the reason for a missing value."/>
      <definition value="A value describing the reason for a missing value."/>
      <min value="0"/>
      <max value="1"/>
      <base>
        <path value="fsw-LateralityComponent-model.exceptionValue"/>
        <min value="0"/>
        <max value="1"/>
      </base>
      <type>
        <code value="Coding"/>
      </type>
      <mustSupport value="false"/>
      <isModifier value="false"/>
      <isSummary value="false"/>
      <binding>
        <strength value="extensible"/>
        <valueSetReference>
          <reference value="http://hl7.org/fhir/ValueSet/data-absent-reason"/>
        </valueSetReference>
      </binding>
    </element>
    <element id="fsw-LateralityComponent-model.interpretation">
      <path value="fsw-LateralityComponent-model.interpretation"/>
      <short value="Description"/>
      <definition value="Description"/>
      <min value="0"/>
      <max value="1"/>
      <base>
        <path value="fsw-LateralityComponent-model.interpretation"/>
        <min value="0"/>
        <max value="1"/>
      </base>
      <type>
        <code value="Coding"/>
      </type>
      <mustSupport value="false"/>
      <isModifier value="false"/>
      <isSummary value="false"/>
    </element>
  </snapshot>
  <differential>
    <element id="fsw-LateralityComponent-model">
      <path value="fsw-LateralityComponent-model"/>
      <definition value="- LOINC 20228-3 (Anatomic part Laterality)"/>
      <min value="0"/>
      <max value="*"/>
      <base>
        <path value="fsw-LateralityComponent-model"/>
        <min value="0"/>
        <max value="*"/>
      </base>
      <mustSupport value="false"/>
      <isModifier value="false"/>
      <isSummary value="false"/>
    </element>
    <element id="fsw-LateralityComponent-model.value">
      <path value="fsw-LateralityComponent-model.value"/>
      <short value="Code representing - LOINC 20228-3 (Anatomic part Laterality)"/>
      <definition value="Code representing - LOINC 20228-3 (Anatomic part Laterality)"/>
      <min value="1"/>
      <max value="1"/>
      <base>
        <path value="fsw-LateralityComponent-model.value"/>
        <min value="1"/>
        <max value="1"/>
      </base>
      <type>
        <code value="Coding"/>
      </type>
      <mustSupport value="false"/>
      <isModifier value="false"/>
      <isSummary value="false"/>
      <binding>
        <strength value="required"/>
        <valueSetReference>
          <reference value="https://fhir.loinc.org/ValueSet/LL3803-5"/>
        </valueSetReference>
      </binding>
    </element>
    <element id="fsw-LateralityComponent-model.topicCode">
      <path value="fsw-LateralityComponent-model.topicCode"/>
      <short value="The concept representing the finding or action that is the topic of the statement."/>
      <definition value="The concept representing the finding or action that is the topic of the statement.&#xA;For action topics, the TopicCode represents the action being described. For findings, the TopicCode represents the &#39;question&#39; or property being investigated. For evaluation result findings, the TopicCode contains a concept for an observable entity, such as systolic blood pressure. For assertion findings, the TopicCode contains a code representing the condition, allergy, or other item being asserted. In all cases, the TopicCode describes the topic  of the action or the finding."/>
      <min value="0"/>
      <max value="1"/>
      <base>
        <path value="fsw-LateralityComponent-model.topicCode"/>
        <min value="0"/>
        <max value="1"/>
      </base>
      <type>
        <code value="Coding"/>
      </type>
      <mustSupport value="false"/>
      <isModifier value="false"/>
      <isSummary value="false"/>
    </element>
    <element id="fsw-LateralityComponent-model.exceptionValue">
      <path value="fsw-LateralityComponent-model.exceptionValue"/>
      <short value="A value describing the reason for a missing value."/>
      <definition value="A value describing the reason for a missing value."/>
      <min value="0"/>
      <max value="1"/>
      <base>
        <path value="fsw-LateralityComponent-model.exceptionValue"/>
        <min value="0"/>
        <max value="1"/>
      </base>
      <type>
        <code value="Coding"/>
      </type>
      <mustSupport value="false"/>
      <isModifier value="false"/>
      <isSummary value="false"/>
      <binding>
        <strength value="extensible"/>
        <valueSetReference>
          <reference value="http://hl7.org/fhir/ValueSet/data-absent-reason"/>
        </valueSetReference>
      </binding>
    </element>
    <element id="fsw-LateralityComponent-model.interpretation">
      <path value="fsw-LateralityComponent-model.interpretation"/>
      <short value="Description"/>
      <definition value="Description"/>
      <min value="0"/>
      <max value="1"/>
      <base>
        <path value="fsw-LateralityComponent-model.interpretation"/>
        <min value="0"/>
        <max value="1"/>
      </base>
      <type>
        <code value="Coding"/>
      </type>
      <mustSupport value="false"/>
      <isModifier value="false"/>
      <isSummary value="false"/>
    </element>
  </differential>
</StructureDefinition>