<?xml version="1.0" encoding="UTF-8"?>

<StructureDefinition xmlns="http://hl7.org/fhir">
  <id value="cimi-statement-ConditionAbsenceStatement-model"/>
  <text>
    <status value="generated"/><div xmlns="http://www.w3.org/1999/xhtml">
  <p><b>SW ConditionAbsenceStatement Logical Model</b></p>
  <p>A finding that a condition is or was not present in the subject at a certain time, not necessarily the time the information is gathered.</p>
</div>
  </text>
  <url value="http://hl7.org/fhir/us/sw/StructureDefinition/cimi-statement-ConditionAbsenceStatement-model"/>
  <identifier>
    <system value="http://hl7.org/fhir/us/sw"/>
    <value value="cimi.statement.ConditionAbsenceStatement"/>
  </identifier>
  <version value="1.0.0"/>
  <name value="ConditionAbsenceStatementModel"/>
  <title value="SW ConditionAbsenceStatement Logical Model"/>
  <status value="draft"/>
  <date value="2018-08-17T00:00:00-04:00"/>
  <publisher value="HL7 Patient Care and Clinical Information Modeling Initiative Work Groups"/>
  <contact>
    <telecom>
      <system value="url"/>
      <value value="http://standardhealthrecord.org"/>
    </telecom>
  </contact>
  <description value="A finding that a condition is or was not present in the subject at a certain time, not necessarily the time the information is gathered."/>
  <keyword>
    <system value="http://ncimeta.nci.nih.gov"/>
    <code value="C0277541"/>
    <display value="no disease present"/>
  </keyword>
  <kind value="logical"/>
  <abstract value="false"/>
  <type value="cimi-statement-ConditionAbsenceStatement-model"/>
  <baseDefinition value="http://hl7.org/fhir/StructureDefinition/Element"/>
  <derivation value="specialization"/>
  <snapshot>
    <element id="cimi-statement-ConditionAbsenceStatement-model">
      <path value="cimi-statement-ConditionAbsenceStatement-model"/>
      <definition value="A finding that a condition is or was not present in the subject at a certain time, not necessarily the time the information is gathered."/>
      <min value="0"/>
      <max value="*"/>
      <base>
        <path value="cimi-statement-ConditionAbsenceStatement-model"/>
        <min value="0"/>
        <max value="*"/>
      </base>
      <mustSupport value="false"/>
      <isModifier value="false"/>
      <isSummary value="false"/>
    </element>
    <element id="cimi-statement-ConditionAbsenceStatement-model.personOfRecord">
      <path value="cimi-statement-ConditionAbsenceStatement-model.personOfRecord"/>
      <code>
        <system value="http://ncimeta.nci.nih.gov"/>
        <code value="C0027361"/>
      </code>
      <short value="The person this entry belongs to."/>
      <definition value="The person this entry belongs to."/>
      <min value="1"/>
      <max value="1"/>
      <base>
        <path value="cimi-statement-ConditionAbsenceStatement-model.personOfRecord"/>
        <min value="1"/>
        <max value="1"/>
      </base>
      <type>
        <code value="Reference"/>
        <targetProfile value="http://hl7.org/fhir/us/sw/StructureDefinition/cimi-entity-Person-model"/>
      </type>
      <mustSupport value="false"/>
      <isModifier value="false"/>
      <isSummary value="false"/>
    </element>
    <element id="cimi-statement-ConditionAbsenceStatement-model.recorded">
      <path value="cimi-statement-ConditionAbsenceStatement-model.recorded"/>
      <short value="The person who entered the order on behalf of another individual for example in the case of a verbal or a telephone order."/>
      <definition value="The person who entered the order on behalf of another individual for example in the case of a verbal or a telephone order."/>
      <min value="0"/>
      <max value="1"/>
      <base>
        <path value="cimi-statement-ConditionAbsenceStatement-model.recorded"/>
        <min value="0"/>
        <max value="1"/>
      </base>
      <type>
        <code value="http://hl7.org/fhir/us/sw/StructureDefinition/cimi-core-Attribution-model"/>
      </type>
      <mustSupport value="false"/>
      <isModifier value="false"/>
      <isSummary value="false"/>
    </element>
    <element id="cimi-statement-ConditionAbsenceStatement-model.signed">
      <path value="cimi-statement-ConditionAbsenceStatement-model.signed"/>
      <short value="Provenance information specific to the signing of the clinical statement."/>
      <definition value="Provenance information specific to the signing of the clinical statement."/>
      <min value="0"/>
      <max value="1"/>
      <base>
        <path value="cimi-statement-ConditionAbsenceStatement-model.signed"/>
        <min value="0"/>
        <max value="1"/>
      </base>
      <type>
        <code value="http://hl7.org/fhir/us/sw/StructureDefinition/cimi-core-Attribution-model"/>
      </type>
      <mustSupport value="false"/>
      <isModifier value="false"/>
      <isSummary value="false"/>
    </element>
    <element id="cimi-statement-ConditionAbsenceStatement-model.additionalText">
      <path value="cimi-statement-ConditionAbsenceStatement-model.additionalText"/>
      <code>
        <system value="http://ncimeta.nci.nih.gov"/>
        <code value="C0947611"/>
      </code>
      <short value="A text note containing additional details, explanation, description, comment, or summarization. Details can discuss, support, explain changes to, or dispute information."/>
      <definition value="A text note containing additional details, explanation, description, comment, or summarization. Details can discuss, support, explain changes to, or dispute information."/>
      <min value="0"/>
      <max value="1"/>
      <base>
        <path value="cimi-statement-ConditionAbsenceStatement-model.additionalText"/>
        <min value="0"/>
        <max value="1"/>
      </base>
      <type>
        <code value="string"/>
      </type>
      <mustSupport value="false"/>
      <isModifier value="false"/>
      <isSummary value="false"/>
    </element>
    <element id="cimi-statement-ConditionAbsenceStatement-model.contextCode">
      <path value="cimi-statement-ConditionAbsenceStatement-model.contextCode"/>
      <short value="Code representing the sense in which the statement is interpreted, for example, the degree of presence in a PresenceStatement."/>
      <definition value="Code representing the sense in which the statement is interpreted, for example, the degree of presence in a PresenceStatement."/>
      <min value="0"/>
      <max value="1"/>
      <base>
        <path value="cimi-statement-ConditionAbsenceStatement-model.contextCode"/>
        <min value="0"/>
        <max value="1"/>
      </base>
      <type>
        <code value="Coding"/>
      </type>
      <mustSupport value="false"/>
      <isModifier value="false"/>
      <isSummary value="false"/>
      <binding>
        <strength value="required"/>
        <valueSetReference>
          <reference value="http://hl7.org/fhir/us/sw/ValueSet/cimi-statement-AbsenceContextVS"/>
        </valueSetReference>
      </binding>
    </element>
    <element id="cimi-statement-ConditionAbsenceStatement-model.statementTopic">
      <path value="cimi-statement-ConditionAbsenceStatement-model.statementTopic"/>
      <short value="Compositional and reusable grouping of clinical statement attributes that make up the clinical focus of a statement."/>
      <definition value="Compositional and reusable grouping of clinical statement attributes that make up the clinical focus of a statement.&#xA;&#xA;StatementTopic class attributes are aligned with SNOMED CT Concept Model attributes when such an overlap exists. Note that this class does not include contextual attributes such as the nature of the action (ordered, proposed, planned, etc...), the nature of the patient state being described (e.g., present, suspected present, absent), and the attribution of this information (the who, when, where, how, why of the information recorded)."/>
      <min value="0"/>
      <max value="1"/>
      <base>
        <path value="cimi-statement-ConditionAbsenceStatement-model.statementTopic"/>
        <min value="0"/>
        <max value="1"/>
      </base>
      <type>
        <code value="http://hl7.org/fhir/us/sw/StructureDefinition/cimi-topic-StatementTopic-model"/>
      </type>
      <mustSupport value="false"/>
      <isModifier value="false"/>
      <isSummary value="false"/>
    </element>
    <element id="cimi-statement-ConditionAbsenceStatement-model.encounter">
      <path value="cimi-statement-ConditionAbsenceStatement-model.encounter"/>
      <short value="A description of an interaction between a patient and healthcare provider(s) for the purpose of providing healthcare service(s) or assessing the health status of a patient."/>
      <definition value="A description of an interaction between a patient and healthcare provider(s) for the purpose of providing healthcare service(s) or assessing the health status of a patient."/>
      <min value="0"/>
      <max value="1"/>
      <base>
        <path value="cimi-statement-ConditionAbsenceStatement-model.encounter"/>
        <min value="0"/>
        <max value="1"/>
      </base>
      <type>
        <code value="http://hl7.org/fhir/us/sw/StructureDefinition/cimi-encounter-Encounter-model"/>
      </type>
      <mustSupport value="false"/>
      <isModifier value="false"/>
      <isSummary value="false"/>
    </element>
    <element id="cimi-statement-ConditionAbsenceStatement-model.interpretation">
      <path value="cimi-statement-ConditionAbsenceStatement-model.interpretation"/>
      <code>
        <system value="http://ncimeta.nci.nih.gov"/>
        <code value="C0420833"/>
      </code>
      <short value="A clinical interpretation of a finding (applies to both assertions and observation)."/>
      <definition value="A clinical interpretation of a finding (applies to both assertions and observation)."/>
      <min value="0"/>
      <max value="1"/>
      <base>
        <path value="cimi-statement-ConditionAbsenceStatement-model.interpretation"/>
        <min value="0"/>
        <max value="1"/>
      </base>
      <type>
        <code value="Coding"/>
      </type>
      <mustSupport value="false"/>
      <isModifier value="false"/>
      <isSummary value="false"/>
      <binding>
        <strength value="extensible"/>
        <valueSetReference>
          <reference value="http://hl7.org/fhir/ValueSet/observation-interpretation"/>
        </valueSetReference>
      </binding>
    </element>
    <element id="cimi-statement-ConditionAbsenceStatement-model.relevantTime">
      <path value="cimi-statement-ConditionAbsenceStatement-model.relevantTime"/>
      <short value="The time or time period that the finding addresses."/>
      <definition value="The time or time period that the finding addresses.&#xA;The clinically relevant time is not necessarily when the information is gathered or when a test is carried out, but for example, when a specimen was collected, or the time period referred to by the question. Use a TimePeriod for a measurement or specimen collection continued over a significant period of time (e.g. 24 hour Urine Sodium)."/>
      <min value="0"/>
      <max value="1"/>
      <base>
        <path value="cimi-statement-ConditionAbsenceStatement-model.relevantTime"/>
        <min value="0"/>
        <max value="1"/>
      </base>
      <type>
        <code value="dateTime"/>
      </type>
      <type>
        <code value="http://hl7.org/fhir/us/sw/StructureDefinition/shr-core-TimePeriod-model"/>
      </type>
      <mustSupport value="false"/>
      <isModifier value="false"/>
      <isSummary value="false"/>
    </element>
    <element id="cimi-statement-ConditionAbsenceStatement-model.findingMethod">
      <path value="cimi-statement-ConditionAbsenceStatement-model.findingMethod"/>
      <short value="The technique used to create the finding, for example, the specific imaging technical, lab test code, or assessment vehicle."/>
      <definition value="The technique used to create the finding, for example, the specific imaging technical, lab test code, or assessment vehicle."/>
      <min value="0"/>
      <max value="1"/>
      <base>
        <path value="cimi-statement-ConditionAbsenceStatement-model.findingMethod"/>
        <min value="0"/>
        <max value="1"/>
      </base>
      <type>
        <code value="Coding"/>
      </type>
      <mustSupport value="false"/>
      <isModifier value="false"/>
      <isSummary value="false"/>
      <binding>
        <strength value="preferred"/>
        <valueSetReference>
          <reference value="http://hl7.org/fhir/us/sw/ValueSet/cimi-statement-FindingMethodVS"/>
        </valueSetReference>
      </binding>
    </element>
    <element id="cimi-statement-ConditionAbsenceStatement-model.media">
      <path value="cimi-statement-ConditionAbsenceStatement-model.media"/>
      <short value="A file that contains audio, video, image, or similar content."/>
      <definition value="A file that contains audio, video, image, or similar content."/>
      <min value="0"/>
      <max value="*"/>
      <base>
        <path value="cimi-statement-ConditionAbsenceStatement-model.media"/>
        <min value="0"/>
        <max value="*"/>
      </base>
      <type>
        <code value="http://hl7.org/fhir/us/sw/StructureDefinition/cimi-datatypes-Media-model"/>
      </type>
      <mustSupport value="false"/>
      <isModifier value="false"/>
      <isSummary value="false"/>
    </element>
    <element id="cimi-statement-ConditionAbsenceStatement-model.topicCode">
      <path value="cimi-statement-ConditionAbsenceStatement-model.topicCode"/>
      <short value="The concept representing the finding or action that is the topic of the statement."/>
      <definition value="The concept representing the finding or action that is the topic of the statement.&#xA;&#xA;For action topics, the TopicCode represents the action being described. For findings, the TopicCode represents the &#39;question&#39; or property being investigated. For evaluation result findings, the TopicCode contains a concept for an observable entity, such as systolic blood pressure. For assertion findings, the TopicCode contains a code representing the condition, allergy, or other item being asserted. In all cases, the TopicCode describes the topic  of the action or the finding."/>
      <min value="1"/>
      <max value="1"/>
      <base>
        <path value="cimi-statement-ConditionAbsenceStatement-model.topicCode"/>
        <min value="1"/>
        <max value="1"/>
      </base>
      <type>
        <code value="Coding"/>
      </type>
      <mustSupport value="false"/>
      <isModifier value="false"/>
      <isSummary value="false"/>
      <binding>
        <strength value="extensible"/>
        <valueSetReference>
          <reference value="http://hl7.org/fhir/us/core/ValueSet/us-core-problem"/>
        </valueSetReference>
      </binding>
    </element>
    <element id="cimi-statement-ConditionAbsenceStatement-model.category">
      <path value="cimi-statement-ConditionAbsenceStatement-model.category"/>
      <short value="The type, kind, or class of this item."/>
      <definition value="The type, kind, or class of this item."/>
      <min value="1"/>
      <max value="*"/>
      <base>
        <path value="cimi-statement-ConditionAbsenceStatement-model.category"/>
        <min value="1"/>
        <max value="*"/>
      </base>
      <type>
        <code value="Coding"/>
      </type>
      <mustSupport value="false"/>
      <isModifier value="false"/>
      <isSummary value="false"/>
      <binding>
        <strength value="required"/>
        <valueSetReference>
          <reference value="http://hl7.org/fhir/us/sw/ValueSet/shr-core-ConditionCategoryVS"/>
        </valueSetReference>
      </binding>
    </element>
    <element id="cimi-statement-ConditionAbsenceStatement-model.anatomicalLocation">
      <path value="cimi-statement-ConditionAbsenceStatement-model.anatomicalLocation"/>
      <code>
        <system value="http://loinc.org"/>
        <code value="72369-2"/>
      </code>
      <short value="A location or structure in the body, including tissues, regions, cavities, and spaces; for example, right elbow, or left ventricle of the heart."/>
      <definition value="A location or structure in the body, including tissues, regions, cavities, and spaces; for example, right elbow, or left ventricle of the heart."/>
      <min value="0"/>
      <max value="*"/>
      <base>
        <path value="cimi-statement-ConditionAbsenceStatement-model.anatomicalLocation"/>
        <min value="0"/>
        <max value="*"/>
      </base>
      <type>
        <code value="http://hl7.org/fhir/us/sw/StructureDefinition/cimi-element-AnatomicalLocation-model"/>
      </type>
      <mustSupport value="false"/>
      <isModifier value="false"/>
      <isSummary value="false"/>
    </element>
  </snapshot>
  <differential>
    <element id="cimi-statement-ConditionAbsenceStatement-model">
      <path value="cimi-statement-ConditionAbsenceStatement-model"/>
      <definition value="A finding that a condition is or was not present in the subject at a certain time, not necessarily the time the information is gathered."/>
      <min value="0"/>
      <max value="*"/>
      <base>
        <path value="cimi-statement-ConditionAbsenceStatement-model"/>
        <min value="0"/>
        <max value="*"/>
      </base>
      <mustSupport value="false"/>
      <isModifier value="false"/>
      <isSummary value="false"/>
    </element>
    <element id="cimi-statement-ConditionAbsenceStatement-model.personOfRecord">
      <path value="cimi-statement-ConditionAbsenceStatement-model.personOfRecord"/>
      <code>
        <system value="http://ncimeta.nci.nih.gov"/>
        <code value="C0027361"/>
      </code>
      <short value="The person this entry belongs to."/>
      <definition value="The person this entry belongs to."/>
      <min value="1"/>
      <max value="1"/>
      <base>
        <path value="cimi-statement-ConditionAbsenceStatement-model.personOfRecord"/>
        <min value="1"/>
        <max value="1"/>
      </base>
      <type>
        <code value="Reference"/>
        <targetProfile value="http://hl7.org/fhir/us/sw/StructureDefinition/cimi-entity-Person-model"/>
      </type>
      <mustSupport value="false"/>
      <isModifier value="false"/>
      <isSummary value="false"/>
    </element>
    <element id="cimi-statement-ConditionAbsenceStatement-model.recorded">
      <path value="cimi-statement-ConditionAbsenceStatement-model.recorded"/>
      <short value="The person who entered the order on behalf of another individual for example in the case of a verbal or a telephone order."/>
      <definition value="The person who entered the order on behalf of another individual for example in the case of a verbal or a telephone order."/>
      <min value="0"/>
      <max value="1"/>
      <base>
        <path value="cimi-statement-ConditionAbsenceStatement-model.recorded"/>
        <min value="0"/>
        <max value="1"/>
      </base>
      <type>
        <code value="http://hl7.org/fhir/us/sw/StructureDefinition/cimi-core-Attribution-model"/>
      </type>
      <mustSupport value="false"/>
      <isModifier value="false"/>
      <isSummary value="false"/>
    </element>
    <element id="cimi-statement-ConditionAbsenceStatement-model.signed">
      <path value="cimi-statement-ConditionAbsenceStatement-model.signed"/>
      <short value="Provenance information specific to the signing of the clinical statement."/>
      <definition value="Provenance information specific to the signing of the clinical statement."/>
      <min value="0"/>
      <max value="1"/>
      <base>
        <path value="cimi-statement-ConditionAbsenceStatement-model.signed"/>
        <min value="0"/>
        <max value="1"/>
      </base>
      <type>
        <code value="http://hl7.org/fhir/us/sw/StructureDefinition/cimi-core-Attribution-model"/>
      </type>
      <mustSupport value="false"/>
      <isModifier value="false"/>
      <isSummary value="false"/>
    </element>
    <element id="cimi-statement-ConditionAbsenceStatement-model.additionalText">
      <path value="cimi-statement-ConditionAbsenceStatement-model.additionalText"/>
      <code>
        <system value="http://ncimeta.nci.nih.gov"/>
        <code value="C0947611"/>
      </code>
      <short value="A text note containing additional details, explanation, description, comment, or summarization. Details can discuss, support, explain changes to, or dispute information."/>
      <definition value="A text note containing additional details, explanation, description, comment, or summarization. Details can discuss, support, explain changes to, or dispute information."/>
      <min value="0"/>
      <max value="1"/>
      <base>
        <path value="cimi-statement-ConditionAbsenceStatement-model.additionalText"/>
        <min value="0"/>
        <max value="1"/>
      </base>
      <type>
        <code value="string"/>
      </type>
      <mustSupport value="false"/>
      <isModifier value="false"/>
      <isSummary value="false"/>
    </element>
    <element id="cimi-statement-ConditionAbsenceStatement-model.contextCode">
      <path value="cimi-statement-ConditionAbsenceStatement-model.contextCode"/>
      <short value="Code representing the sense in which the statement is interpreted, for example, the degree of presence in a PresenceStatement."/>
      <definition value="Code representing the sense in which the statement is interpreted, for example, the degree of presence in a PresenceStatement."/>
      <min value="0"/>
      <max value="1"/>
      <base>
        <path value="cimi-statement-ConditionAbsenceStatement-model.contextCode"/>
        <min value="0"/>
        <max value="1"/>
      </base>
      <type>
        <code value="Coding"/>
      </type>
      <mustSupport value="false"/>
      <isModifier value="false"/>
      <isSummary value="false"/>
      <binding>
        <strength value="required"/>
        <valueSetReference>
          <reference value="http://hl7.org/fhir/us/sw/ValueSet/cimi-statement-AbsenceContextVS"/>
        </valueSetReference>
      </binding>
    </element>
    <element id="cimi-statement-ConditionAbsenceStatement-model.statementTopic">
      <path value="cimi-statement-ConditionAbsenceStatement-model.statementTopic"/>
      <short value="Compositional and reusable grouping of clinical statement attributes that make up the clinical focus of a statement."/>
      <definition value="Compositional and reusable grouping of clinical statement attributes that make up the clinical focus of a statement.&#xA;&#xA;StatementTopic class attributes are aligned with SNOMED CT Concept Model attributes when such an overlap exists. Note that this class does not include contextual attributes such as the nature of the action (ordered, proposed, planned, etc...), the nature of the patient state being described (e.g., present, suspected present, absent), and the attribution of this information (the who, when, where, how, why of the information recorded)."/>
      <min value="0"/>
      <max value="1"/>
      <base>
        <path value="cimi-statement-ConditionAbsenceStatement-model.statementTopic"/>
        <min value="0"/>
        <max value="1"/>
      </base>
      <type>
        <code value="http://hl7.org/fhir/us/sw/StructureDefinition/cimi-topic-StatementTopic-model"/>
      </type>
      <mustSupport value="false"/>
      <isModifier value="false"/>
      <isSummary value="false"/>
    </element>
    <element id="cimi-statement-ConditionAbsenceStatement-model.encounter">
      <path value="cimi-statement-ConditionAbsenceStatement-model.encounter"/>
      <short value="A description of an interaction between a patient and healthcare provider(s) for the purpose of providing healthcare service(s) or assessing the health status of a patient."/>
      <definition value="A description of an interaction between a patient and healthcare provider(s) for the purpose of providing healthcare service(s) or assessing the health status of a patient."/>
      <min value="0"/>
      <max value="1"/>
      <base>
        <path value="cimi-statement-ConditionAbsenceStatement-model.encounter"/>
        <min value="0"/>
        <max value="1"/>
      </base>
      <type>
        <code value="http://hl7.org/fhir/us/sw/StructureDefinition/cimi-encounter-Encounter-model"/>
      </type>
      <mustSupport value="false"/>
      <isModifier value="false"/>
      <isSummary value="false"/>
    </element>
    <element id="cimi-statement-ConditionAbsenceStatement-model.interpretation">
      <path value="cimi-statement-ConditionAbsenceStatement-model.interpretation"/>
      <code>
        <system value="http://ncimeta.nci.nih.gov"/>
        <code value="C0420833"/>
      </code>
      <short value="A clinical interpretation of a finding (applies to both assertions and observation)."/>
      <definition value="A clinical interpretation of a finding (applies to both assertions and observation)."/>
      <min value="0"/>
      <max value="1"/>
      <base>
        <path value="cimi-statement-ConditionAbsenceStatement-model.interpretation"/>
        <min value="0"/>
        <max value="1"/>
      </base>
      <type>
        <code value="Coding"/>
      </type>
      <mustSupport value="false"/>
      <isModifier value="false"/>
      <isSummary value="false"/>
      <binding>
        <strength value="extensible"/>
        <valueSetReference>
          <reference value="http://hl7.org/fhir/ValueSet/observation-interpretation"/>
        </valueSetReference>
      </binding>
    </element>
    <element id="cimi-statement-ConditionAbsenceStatement-model.relevantTime">
      <path value="cimi-statement-ConditionAbsenceStatement-model.relevantTime"/>
      <short value="The time or time period that the finding addresses."/>
      <definition value="The time or time period that the finding addresses.&#xA;The clinically relevant time is not necessarily when the information is gathered or when a test is carried out, but for example, when a specimen was collected, or the time period referred to by the question. Use a TimePeriod for a measurement or specimen collection continued over a significant period of time (e.g. 24 hour Urine Sodium)."/>
      <min value="0"/>
      <max value="1"/>
      <base>
        <path value="cimi-statement-ConditionAbsenceStatement-model.relevantTime"/>
        <min value="0"/>
        <max value="1"/>
      </base>
      <type>
        <code value="dateTime"/>
      </type>
      <type>
        <code value="http://hl7.org/fhir/us/sw/StructureDefinition/shr-core-TimePeriod-model"/>
      </type>
      <mustSupport value="false"/>
      <isModifier value="false"/>
      <isSummary value="false"/>
    </element>
    <element id="cimi-statement-ConditionAbsenceStatement-model.findingMethod">
      <path value="cimi-statement-ConditionAbsenceStatement-model.findingMethod"/>
      <short value="The technique used to create the finding, for example, the specific imaging technical, lab test code, or assessment vehicle."/>
      <definition value="The technique used to create the finding, for example, the specific imaging technical, lab test code, or assessment vehicle."/>
      <min value="0"/>
      <max value="1"/>
      <base>
        <path value="cimi-statement-ConditionAbsenceStatement-model.findingMethod"/>
        <min value="0"/>
        <max value="1"/>
      </base>
      <type>
        <code value="Coding"/>
      </type>
      <mustSupport value="false"/>
      <isModifier value="false"/>
      <isSummary value="false"/>
      <binding>
        <strength value="preferred"/>
        <valueSetReference>
          <reference value="http://hl7.org/fhir/us/sw/ValueSet/cimi-statement-FindingMethodVS"/>
        </valueSetReference>
      </binding>
    </element>
    <element id="cimi-statement-ConditionAbsenceStatement-model.media">
      <path value="cimi-statement-ConditionAbsenceStatement-model.media"/>
      <short value="A file that contains audio, video, image, or similar content."/>
      <definition value="A file that contains audio, video, image, or similar content."/>
      <min value="0"/>
      <max value="*"/>
      <base>
        <path value="cimi-statement-ConditionAbsenceStatement-model.media"/>
        <min value="0"/>
        <max value="*"/>
      </base>
      <type>
        <code value="http://hl7.org/fhir/us/sw/StructureDefinition/cimi-datatypes-Media-model"/>
      </type>
      <mustSupport value="false"/>
      <isModifier value="false"/>
      <isSummary value="false"/>
    </element>
    <element id="cimi-statement-ConditionAbsenceStatement-model.topicCode">
      <path value="cimi-statement-ConditionAbsenceStatement-model.topicCode"/>
      <short value="The concept representing the finding or action that is the topic of the statement."/>
      <definition value="The concept representing the finding or action that is the topic of the statement.&#xA;&#xA;For action topics, the TopicCode represents the action being described. For findings, the TopicCode represents the &#39;question&#39; or property being investigated. For evaluation result findings, the TopicCode contains a concept for an observable entity, such as systolic blood pressure. For assertion findings, the TopicCode contains a code representing the condition, allergy, or other item being asserted. In all cases, the TopicCode describes the topic  of the action or the finding."/>
      <min value="1"/>
      <max value="1"/>
      <base>
        <path value="cimi-statement-ConditionAbsenceStatement-model.topicCode"/>
        <min value="1"/>
        <max value="1"/>
      </base>
      <type>
        <code value="Coding"/>
      </type>
      <mustSupport value="false"/>
      <isModifier value="false"/>
      <isSummary value="false"/>
      <binding>
        <strength value="extensible"/>
        <valueSetReference>
          <reference value="http://hl7.org/fhir/us/core/ValueSet/us-core-problem"/>
        </valueSetReference>
      </binding>
    </element>
    <element id="cimi-statement-ConditionAbsenceStatement-model.category">
      <path value="cimi-statement-ConditionAbsenceStatement-model.category"/>
      <short value="The type, kind, or class of this item."/>
      <definition value="The type, kind, or class of this item."/>
      <min value="1"/>
      <max value="*"/>
      <base>
        <path value="cimi-statement-ConditionAbsenceStatement-model.category"/>
        <min value="1"/>
        <max value="*"/>
      </base>
      <type>
        <code value="Coding"/>
      </type>
      <mustSupport value="false"/>
      <isModifier value="false"/>
      <isSummary value="false"/>
      <binding>
        <strength value="required"/>
        <valueSetReference>
          <reference value="http://hl7.org/fhir/us/sw/ValueSet/shr-core-ConditionCategoryVS"/>
        </valueSetReference>
      </binding>
    </element>
    <element id="cimi-statement-ConditionAbsenceStatement-model.anatomicalLocation">
      <path value="cimi-statement-ConditionAbsenceStatement-model.anatomicalLocation"/>
      <code>
        <system value="http://loinc.org"/>
        <code value="72369-2"/>
      </code>
      <short value="A location or structure in the body, including tissues, regions, cavities, and spaces; for example, right elbow, or left ventricle of the heart."/>
      <definition value="A location or structure in the body, including tissues, regions, cavities, and spaces; for example, right elbow, or left ventricle of the heart."/>
      <min value="0"/>
      <max value="*"/>
      <base>
        <path value="cimi-statement-ConditionAbsenceStatement-model.anatomicalLocation"/>
        <min value="0"/>
        <max value="*"/>
      </base>
      <type>
        <code value="http://hl7.org/fhir/us/sw/StructureDefinition/cimi-element-AnatomicalLocation-model"/>
      </type>
      <mustSupport value="false"/>
      <isModifier value="false"/>
      <isSummary value="false"/>
    </element>
  </differential>
</StructureDefinition>