<?xml version="1.0" encoding="UTF-8"?>

<StructureDefinition xmlns="http://hl7.org/fhir">
  <id value="cimi-entity-SequenceNumber-model"/>
  <text>
    <status value="generated"/><div xmlns="http://www.w3.org/1999/xhtml">
  <p><b>SW SequenceNumber Logical Model</b></p>
  <p>The sequence number for this specimen in a collection of specimens.</p>
</div>
  </text>
  <url value="http://hl7.org/fhir/us/sw/StructureDefinition/cimi-entity-SequenceNumber-model"/>
  <identifier>
    <system value="http://hl7.org/fhir/us/sw"/>
    <value value="cimi.entity.SequenceNumber"/>
  </identifier>
  <version value="1.0.0"/>
  <name value="SequenceNumberModel"/>
  <title value="SW SequenceNumber Logical Model"/>
  <status value="draft"/>
  <date value="2018-08-17T00:00:00-04:00"/>
  <publisher value="HL7 Patient Care and Clinical Information Modeling Initiative Work Groups"/>
  <contact>
    <telecom>
      <system value="url"/>
      <value value="http://standardhealthrecord.org"/>
    </telecom>
  </contact>
  <description value="The sequence number for this specimen in a collection of specimens."/>
  <kind value="logical"/>
  <abstract value="false"/>
  <type value="cimi-entity-SequenceNumber-model"/>
  <baseDefinition value="http://hl7.org/fhir/StructureDefinition/Element"/>
  <derivation value="specialization"/>
  <snapshot>
    <element id="cimi-entity-SequenceNumber-model">
      <path value="cimi-entity-SequenceNumber-model"/>
      <definition value="The sequence number for this specimen in a collection of specimens."/>
      <min value="0"/>
      <max value="*"/>
      <base>
        <path value="cimi-entity-SequenceNumber-model"/>
        <min value="0"/>
        <max value="*"/>
      </base>
      <mustSupport value="false"/>
      <isModifier value="false"/>
      <isSummary value="false"/>
    </element>
    <element id="cimi-entity-SequenceNumber-model.value">
      <path value="cimi-entity-SequenceNumber-model.value"/>
      <short value="Code representing the sequence number for this specimen in a collection of specimens."/>
      <definition value="Code representing the sequence number for this specimen in a collection of specimens."/>
      <min value="1"/>
      <max value="1"/>
      <base>
        <path value="cimi-entity-SequenceNumber-model.value"/>
        <min value="1"/>
        <max value="1"/>
      </base>
      <type>
        <code value="Coding"/>
      </type>
      <mustSupport value="false"/>
      <isModifier value="false"/>
      <isSummary value="false"/>
    </element>
  </snapshot>
  <differential>
    <element id="cimi-entity-SequenceNumber-model">
      <path value="cimi-entity-SequenceNumber-model"/>
      <definition value="The sequence number for this specimen in a collection of specimens."/>
      <min value="0"/>
      <max value="*"/>
      <base>
        <path value="cimi-entity-SequenceNumber-model"/>
        <min value="0"/>
        <max value="*"/>
      </base>
      <mustSupport value="false"/>
      <isModifier value="false"/>
      <isSummary value="false"/>
    </element>
    <element id="cimi-entity-SequenceNumber-model.value">
      <path value="cimi-entity-SequenceNumber-model.value"/>
      <short value="Code representing the sequence number for this specimen in a collection of specimens."/>
      <definition value="Code representing the sequence number for this specimen in a collection of specimens."/>
      <min value="1"/>
      <max value="1"/>
      <base>
        <path value="cimi-entity-SequenceNumber-model.value"/>
        <min value="1"/>
        <max value="1"/>
      </base>
      <type>
        <code value="Coding"/>
      </type>
      <mustSupport value="false"/>
      <isModifier value="false"/>
      <isSummary value="false"/>
    </element>
  </differential>
</StructureDefinition>