<?xml version="1.0" encoding="UTF-8"?>

<StructureDefinition xmlns="http://hl7.org/fhir">
  <id value="cimi-entity-SourceSpecimen-model"/>
  <text>
    <status value="generated"/><div xmlns="http://www.w3.org/1999/xhtml">
  <p><b>SW SourceSpecimen Logical Model</b></p>
  <p>Identifier for the source specimen from which this specimen was derived.</p>
</div>
  </text>
  <url value="http://hl7.org/fhir/us/sw/StructureDefinition/cimi-entity-SourceSpecimen-model"/>
  <identifier>
    <system value="http://hl7.org/fhir/us/sw"/>
    <value value="cimi.entity.SourceSpecimen"/>
  </identifier>
  <version value="1.0.0"/>
  <name value="SourceSpecimenModel"/>
  <title value="SW SourceSpecimen Logical Model"/>
  <status value="draft"/>
  <date value="2018-08-17T00:00:00-04:00"/>
  <publisher value="HL7 Patient Care and Clinical Information Modeling Initiative Work Groups"/>
  <contact>
    <telecom>
      <system value="url"/>
      <value value="http://standardhealthrecord.org"/>
    </telecom>
  </contact>
  <description value="Identifier for the source specimen from which this specimen was derived."/>
  <kind value="logical"/>
  <abstract value="false"/>
  <type value="cimi-entity-SourceSpecimen-model"/>
  <baseDefinition value="http://hl7.org/fhir/StructureDefinition/Element"/>
  <derivation value="specialization"/>
  <snapshot>
    <element id="cimi-entity-SourceSpecimen-model">
      <path value="cimi-entity-SourceSpecimen-model"/>
      <definition value="Identifier for the source specimen from which this specimen was derived."/>
      <min value="0"/>
      <max value="*"/>
      <base>
        <path value="cimi-entity-SourceSpecimen-model"/>
        <min value="0"/>
        <max value="*"/>
      </base>
      <mustSupport value="false"/>
      <isModifier value="false"/>
      <isSummary value="false"/>
    </element>
    <element id="cimi-entity-SourceSpecimen-model.value">
      <path value="cimi-entity-SourceSpecimen-model.value"/>
      <short value="Specimen representing identifier for the source specimen from which this specimen was derived."/>
      <definition value="Specimen representing identifier for the source specimen from which this specimen was derived."/>
      <min value="1"/>
      <max value="1"/>
      <base>
        <path value="cimi-entity-SourceSpecimen-model.value"/>
        <min value="1"/>
        <max value="1"/>
      </base>
      <type>
        <code value="Reference"/>
        <targetProfile value="http://hl7.org/fhir/us/sw/StructureDefinition/cimi-entity-Specimen-model"/>
      </type>
      <mustSupport value="false"/>
      <isModifier value="false"/>
      <isSummary value="false"/>
    </element>
  </snapshot>
  <differential>
    <element id="cimi-entity-SourceSpecimen-model">
      <path value="cimi-entity-SourceSpecimen-model"/>
      <definition value="Identifier for the source specimen from which this specimen was derived."/>
      <min value="0"/>
      <max value="*"/>
      <base>
        <path value="cimi-entity-SourceSpecimen-model"/>
        <min value="0"/>
        <max value="*"/>
      </base>
      <mustSupport value="false"/>
      <isModifier value="false"/>
      <isSummary value="false"/>
    </element>
    <element id="cimi-entity-SourceSpecimen-model.value">
      <path value="cimi-entity-SourceSpecimen-model.value"/>
      <short value="Specimen representing identifier for the source specimen from which this specimen was derived."/>
      <definition value="Specimen representing identifier for the source specimen from which this specimen was derived."/>
      <min value="1"/>
      <max value="1"/>
      <base>
        <path value="cimi-entity-SourceSpecimen-model.value"/>
        <min value="1"/>
        <max value="1"/>
      </base>
      <type>
        <code value="Reference"/>
        <targetProfile value="http://hl7.org/fhir/us/sw/StructureDefinition/cimi-entity-Specimen-model"/>
      </type>
      <mustSupport value="false"/>
      <isModifier value="false"/>
      <isSummary value="false"/>
    </element>
  </differential>
</StructureDefinition>