<?xml version="1.0" encoding="UTF-8"?>

<StructureDefinition xmlns="http://hl7.org/fhir">
  <id value="sw-WoundExudateOdor-model"/>
  <text>
    <status value="generated"/><div xmlns="http://www.w3.org/1999/xhtml">
  <p><b>SW WoundExudateOdor Logical Model</b></p>
  <p>Odor of exudate from wound</p>
</div>
  </text>
  <url value="http://hl7.org/fhir/us/sw/StructureDefinition/sw-WoundExudateOdor-model"/>
  <identifier>
    <system value="http://hl7.org/fhir/us/sw"/>
    <value value="sw.WoundExudateOdor"/>
  </identifier>
  <version value="1.0.0"/>
  <name value="WoundExudateOdorModel"/>
  <title value="SW WoundExudateOdor Logical Model"/>
  <status value="draft"/>
  <date value="2018-08-17T00:00:00-04:00"/>
  <publisher value="HL7 Patient Care and Clinical Information Modeling Initiative Work Groups"/>
  <contact>
    <telecom>
      <system value="url"/>
      <value value="http://standardhealthrecord.org"/>
    </telecom>
  </contact>
  <description value="Odor of exudate from wound"/>
  <keyword>
    <system value="http://loinc.org"/>
    <code value="72288-4"/>
  </keyword>
  <kind value="logical"/>
  <abstract value="false"/>
  <type value="sw-WoundExudateOdor-model"/>
  <baseDefinition value="http://hl7.org/fhir/StructureDefinition/Element"/>
  <derivation value="specialization"/>
  <snapshot>
    <element id="sw-WoundExudateOdor-model">
      <path value="sw-WoundExudateOdor-model"/>
      <definition value="Odor of exudate from wound"/>
      <min value="0"/>
      <max value="*"/>
      <base>
        <path value="sw-WoundExudateOdor-model"/>
        <min value="0"/>
        <max value="*"/>
      </base>
      <mustSupport value="false"/>
      <isModifier value="false"/>
      <isSummary value="false"/>
    </element>
    <element id="sw-WoundExudateOdor-model.value">
      <path value="sw-WoundExudateOdor-model.value"/>
      <short value="Code representing odor of exudate from wound"/>
      <definition value="Code representing odor of exudate from wound"/>
      <min value="1"/>
      <max value="1"/>
      <base>
        <path value="sw-WoundExudateOdor-model.value"/>
        <min value="1"/>
        <max value="1"/>
      </base>
      <type>
        <code value="Coding"/>
      </type>
      <mustSupport value="false"/>
      <isModifier value="false"/>
      <isSummary value="false"/>
      <binding>
        <strength value="required"/>
        <valueSetReference>
          <reference value="https://vsac.nlm.nih.gov/valueset/2.16.840.1.113762.1.4.1181.13/expansion"/>
        </valueSetReference>
      </binding>
    </element>
    <element id="sw-WoundExudateOdor-model.topicCode">
      <path value="sw-WoundExudateOdor-model.topicCode"/>
      <short value="The concept representing the finding or action that is the topic of the statement."/>
      <definition value="The concept representing the finding or action that is the topic of the statement.&#xA;&#xA;For action topics, the TopicCode represents the action being described. For findings, the TopicCode represents the &#39;question&#39; or property being investigated. For evaluation result findings, the TopicCode contains a concept for an observable entity, such as systolic blood pressure. For assertion findings, the TopicCode contains a code representing the condition, allergy, or other item being asserted. In all cases, the TopicCode describes the topic  of the action or the finding."/>
      <min value="0"/>
      <max value="1"/>
      <base>
        <path value="sw-WoundExudateOdor-model.topicCode"/>
        <min value="0"/>
        <max value="1"/>
      </base>
      <type>
        <code value="Coding"/>
      </type>
      <mustSupport value="false"/>
      <isModifier value="false"/>
      <isSummary value="false"/>
    </element>
    <element id="sw-WoundExudateOdor-model.exceptionValue">
      <path value="sw-WoundExudateOdor-model.exceptionValue"/>
      <short value="Reason that a value associated with a test or other finding is missing."/>
      <definition value="Reason that a value associated with a test or other finding is missing."/>
      <min value="0"/>
      <max value="1"/>
      <base>
        <path value="sw-WoundExudateOdor-model.exceptionValue"/>
        <min value="0"/>
        <max value="1"/>
      </base>
      <type>
        <code value="Coding"/>
      </type>
      <mustSupport value="false"/>
      <isModifier value="false"/>
      <isSummary value="false"/>
      <binding>
        <strength value="extensible"/>
        <valueSetReference>
          <reference value="http://hl7.org/fhir/ValueSet/data-absent-reason"/>
        </valueSetReference>
      </binding>
    </element>
    <element id="sw-WoundExudateOdor-model.interpretation">
      <path value="sw-WoundExudateOdor-model.interpretation"/>
      <code>
        <system value="http://ncimeta.nci.nih.gov"/>
        <code value="C0420833"/>
      </code>
      <short value="A clinical interpretation of a finding (applies to both assertions and observation)."/>
      <definition value="A clinical interpretation of a finding (applies to both assertions and observation)."/>
      <min value="0"/>
      <max value="1"/>
      <base>
        <path value="sw-WoundExudateOdor-model.interpretation"/>
        <min value="0"/>
        <max value="1"/>
      </base>
      <type>
        <code value="Coding"/>
      </type>
      <mustSupport value="false"/>
      <isModifier value="false"/>
      <isSummary value="false"/>
      <binding>
        <strength value="extensible"/>
        <valueSetReference>
          <reference value="http://hl7.org/fhir/ValueSet/observation-interpretation"/>
        </valueSetReference>
      </binding>
    </element>
    <element id="sw-WoundExudateOdor-model.referenceRange">
      <path value="sw-WoundExudateOdor-model.referenceRange"/>
      <code>
        <system value="http://ncimeta.nci.nih.gov"/>
        <code value="C0883335"/>
      </code>
      <short value="The usual or acceptable range for a test result."/>
      <definition value="The usual or acceptable range for a test result."/>
      <min value="0"/>
      <max value="0"/>
      <base>
        <path value="sw-WoundExudateOdor-model.referenceRange"/>
        <min value="0"/>
        <max value="0"/>
      </base>
      <type>
        <code value="http://hl7.org/fhir/us/sw/StructureDefinition/cimi-statement-ReferenceRange-model"/>
      </type>
      <mustSupport value="false"/>
      <isModifier value="false"/>
      <isSummary value="false"/>
    </element>
  </snapshot>
  <differential>
    <element id="sw-WoundExudateOdor-model">
      <path value="sw-WoundExudateOdor-model"/>
      <definition value="Odor of exudate from wound"/>
      <min value="0"/>
      <max value="*"/>
      <base>
        <path value="sw-WoundExudateOdor-model"/>
        <min value="0"/>
        <max value="*"/>
      </base>
      <mustSupport value="false"/>
      <isModifier value="false"/>
      <isSummary value="false"/>
    </element>
    <element id="sw-WoundExudateOdor-model.value">
      <path value="sw-WoundExudateOdor-model.value"/>
      <short value="Code representing odor of exudate from wound"/>
      <definition value="Code representing odor of exudate from wound"/>
      <min value="1"/>
      <max value="1"/>
      <base>
        <path value="sw-WoundExudateOdor-model.value"/>
        <min value="1"/>
        <max value="1"/>
      </base>
      <type>
        <code value="Coding"/>
      </type>
      <mustSupport value="false"/>
      <isModifier value="false"/>
      <isSummary value="false"/>
      <binding>
        <strength value="required"/>
        <valueSetReference>
          <reference value="https://vsac.nlm.nih.gov/valueset/2.16.840.1.113762.1.4.1181.13/expansion"/>
        </valueSetReference>
      </binding>
    </element>
    <element id="sw-WoundExudateOdor-model.topicCode">
      <path value="sw-WoundExudateOdor-model.topicCode"/>
      <short value="The concept representing the finding or action that is the topic of the statement."/>
      <definition value="The concept representing the finding or action that is the topic of the statement.&#xA;&#xA;For action topics, the TopicCode represents the action being described. For findings, the TopicCode represents the &#39;question&#39; or property being investigated. For evaluation result findings, the TopicCode contains a concept for an observable entity, such as systolic blood pressure. For assertion findings, the TopicCode contains a code representing the condition, allergy, or other item being asserted. In all cases, the TopicCode describes the topic  of the action or the finding."/>
      <min value="0"/>
      <max value="1"/>
      <base>
        <path value="sw-WoundExudateOdor-model.topicCode"/>
        <min value="0"/>
        <max value="1"/>
      </base>
      <type>
        <code value="Coding"/>
      </type>
      <mustSupport value="false"/>
      <isModifier value="false"/>
      <isSummary value="false"/>
    </element>
    <element id="sw-WoundExudateOdor-model.exceptionValue">
      <path value="sw-WoundExudateOdor-model.exceptionValue"/>
      <short value="Reason that a value associated with a test or other finding is missing."/>
      <definition value="Reason that a value associated with a test or other finding is missing."/>
      <min value="0"/>
      <max value="1"/>
      <base>
        <path value="sw-WoundExudateOdor-model.exceptionValue"/>
        <min value="0"/>
        <max value="1"/>
      </base>
      <type>
        <code value="Coding"/>
      </type>
      <mustSupport value="false"/>
      <isModifier value="false"/>
      <isSummary value="false"/>
      <binding>
        <strength value="extensible"/>
        <valueSetReference>
          <reference value="http://hl7.org/fhir/ValueSet/data-absent-reason"/>
        </valueSetReference>
      </binding>
    </element>
    <element id="sw-WoundExudateOdor-model.interpretation">
      <path value="sw-WoundExudateOdor-model.interpretation"/>
      <code>
        <system value="http://ncimeta.nci.nih.gov"/>
        <code value="C0420833"/>
      </code>
      <short value="A clinical interpretation of a finding (applies to both assertions and observation)."/>
      <definition value="A clinical interpretation of a finding (applies to both assertions and observation)."/>
      <min value="0"/>
      <max value="1"/>
      <base>
        <path value="sw-WoundExudateOdor-model.interpretation"/>
        <min value="0"/>
        <max value="1"/>
      </base>
      <type>
        <code value="Coding"/>
      </type>
      <mustSupport value="false"/>
      <isModifier value="false"/>
      <isSummary value="false"/>
      <binding>
        <strength value="extensible"/>
        <valueSetReference>
          <reference value="http://hl7.org/fhir/ValueSet/observation-interpretation"/>
        </valueSetReference>
      </binding>
    </element>
    <element id="sw-WoundExudateOdor-model.referenceRange">
      <path value="sw-WoundExudateOdor-model.referenceRange"/>
      <code>
        <system value="http://ncimeta.nci.nih.gov"/>
        <code value="C0883335"/>
      </code>
      <short value="The usual or acceptable range for a test result."/>
      <definition value="The usual or acceptable range for a test result."/>
      <min value="0"/>
      <max value="0"/>
      <base>
        <path value="sw-WoundExudateOdor-model.referenceRange"/>
        <min value="0"/>
        <max value="0"/>
      </base>
      <type>
        <code value="http://hl7.org/fhir/us/sw/StructureDefinition/cimi-statement-ReferenceRange-model"/>
      </type>
      <mustSupport value="false"/>
      <isModifier value="false"/>
      <isSummary value="false"/>
    </element>
  </differential>
</StructureDefinition>