<?xml version="1.0" encoding="UTF-8"?>

<StructureDefinition xmlns="http://hl7.org/fhir">
  <id value="cimi-element-Status-model"/>
  <text>
    <status value="generated"/><div xmlns="http://www.w3.org/1999/xhtml">
  <p><b>SW Status Logical Model</b></p>
  <p>The current standing or state.</p>
</div>
  </text>
  <url value="http://hl7.org/fhir/us/sw/StructureDefinition/cimi-element-Status-model"/>
  <identifier>
    <system value="http://hl7.org/fhir/us/sw"/>
    <value value="cimi.element.Status"/>
  </identifier>
  <version value="1.0.0"/>
  <name value="StatusModel"/>
  <title value="SW Status Logical Model"/>
  <status value="draft"/>
  <date value="2018-08-17T00:00:00-04:00"/>
  <publisher value="HL7 Patient Care and Clinical Information Modeling Initiative Work Groups"/>
  <contact>
    <telecom>
      <system value="url"/>
      <value value="http://standardhealthrecord.org"/>
    </telecom>
  </contact>
  <description value="The current standing or state."/>
  <keyword>
    <system value="http://ncimeta.nci.nih.gov"/>
    <code value="C0449438"/>
  </keyword>
  <kind value="logical"/>
  <abstract value="false"/>
  <type value="cimi-element-Status-model"/>
  <baseDefinition value="http://hl7.org/fhir/StructureDefinition/Element"/>
  <derivation value="specialization"/>
  <snapshot>
    <element id="cimi-element-Status-model">
      <path value="cimi-element-Status-model"/>
      <definition value="The current standing or state."/>
      <min value="0"/>
      <max value="*"/>
      <base>
        <path value="cimi-element-Status-model"/>
        <min value="0"/>
        <max value="*"/>
      </base>
      <mustSupport value="false"/>
      <isModifier value="false"/>
      <isSummary value="false"/>
    </element>
    <element id="cimi-element-Status-model.value[x]">
      <path value="cimi-element-Status-model.value[x]"/>
      <short value="Choice of types representing the current standing or state."/>
      <definition value="Choice of types representing the current standing or state."/>
      <min value="1"/>
      <max value="1"/>
      <base>
        <path value="cimi-element-Status-model.value[x]"/>
        <min value="1"/>
        <max value="1"/>
      </base>
      <type>
        <code value="code"/>
      </type>
      <type>
        <code value="Coding"/>
      </type>
      <mustSupport value="false"/>
      <isModifier value="false"/>
      <isSummary value="false"/>
    </element>
  </snapshot>
  <differential>
    <element id="cimi-element-Status-model">
      <path value="cimi-element-Status-model"/>
      <definition value="The current standing or state."/>
      <min value="0"/>
      <max value="*"/>
      <base>
        <path value="cimi-element-Status-model"/>
        <min value="0"/>
        <max value="*"/>
      </base>
      <mustSupport value="false"/>
      <isModifier value="false"/>
      <isSummary value="false"/>
    </element>
    <element id="cimi-element-Status-model.value[x]">
      <path value="cimi-element-Status-model.value[x]"/>
      <short value="Choice of types representing the current standing or state."/>
      <definition value="Choice of types representing the current standing or state."/>
      <min value="1"/>
      <max value="1"/>
      <base>
        <path value="cimi-element-Status-model.value[x]"/>
        <min value="1"/>
        <max value="1"/>
      </base>
      <type>
        <code value="code"/>
      </type>
      <type>
        <code value="Coding"/>
      </type>
      <mustSupport value="false"/>
      <isModifier value="false"/>
      <isSummary value="false"/>
    </element>
  </differential>
</StructureDefinition>