{"resourceType":"StructureDefinition","id":"fsw-SourceRecordType-model","text":{"status":"generated","div":"<div xmlns=\"http://www.w3.org/1999/xhtml\">\n  <p><b>SW SourceRecordType Logical Model</b></p>\n  <p>Description</p>\n</div>"},"url":"http://hl7.org/fhir/us/fsw/StructureDefinition/fsw-SourceRecordType-model","identifier":[{"system":"http://hl7.org/fhir/us/fsw","value":"fsw.SourceRecordType"}],"version":"1.0.0","name":"SourceRecordTypeModel","title":"SW SourceRecordType Logical Model","status":"draft","date":"2018-08-21T00:00:00-04:00","publisher":"HL7 Patient Care and Clinical Information Modeling Initiative Work Groups","contact":[{"telecom":[{"system":"url","value":"http://standardhealthrecord.org"}]}],"description":"Description","fhirVersion":"3.0.1","kind":"logical","abstract":false,"type":"fsw-SourceRecordType-model","baseDefinition":"http://hl7.org/fhir/StructureDefinition/Element","derivation":"specialization","snapshot":{"element":[{"id":"fsw-SourceRecordType-model","path":"fsw-SourceRecordType-model","definition":"Description","min":0,"max":"*","base":{"path":"fsw-SourceRecordType-model","min":0,"max":"*"},"mustSupport":false,"isModifier":false,"isSummary":false},{"id":"fsw-SourceRecordType-model.value","path":"fsw-SourceRecordType-model.value","short":"String representing description","definition":"String representing description","min":1,"max":"1","base":{"path":"fsw-SourceRecordType-model.value","min":1,"max":"1"},"type":[{"code":"string"}],"mustSupport":false,"isModifier":false,"isSummary":false}]},"differential":{"element":[{"id":"fsw-SourceRecordType-model","path":"fsw-SourceRecordType-model","definition":"Description","min":0,"max":"*","base":{"path":"fsw-SourceRecordType-model","min":0,"max":"*"},"mustSupport":false,"isModifier":false,"isSummary":false},{"id":"fsw-SourceRecordType-model.value","path":"fsw-SourceRecordType-model.value","short":"String representing description","definition":"String representing description","min":1,"max":"1","base":{"path":"fsw-SourceRecordType-model.value","min":1,"max":"1"},"type":[{"code":"string"}],"mustSupport":false,"isModifier":false,"isSummary":false}]}}