{"resourceType":"StructureDefinition","id":"fsw-TunnelingClockPosition-model","text":{"status":"generated","div":"<div xmlns=\"http://www.w3.org/1999/xhtml\">\n  <p><b>SW TunnelingClockPosition Logical Model</b></p>\n  <p>No Values and id in SNOMED  - LOINC 72297-5 (Tunneling clock position of Wound)</p>\n</div>"},"url":"http://hl7.org/fhir/us/fsw/StructureDefinition/fsw-TunnelingClockPosition-model","identifier":[{"system":"http://hl7.org/fhir/us/fsw","value":"fsw.TunnelingClockPosition"}],"version":"1.0.0","name":"TunnelingClockPositionModel","title":"SW TunnelingClockPosition Logical Model","status":"draft","date":"2018-08-21T00:00:00-04:00","publisher":"HL7 Patient Care and Clinical Information Modeling Initiative Work Groups","contact":[{"telecom":[{"system":"url","value":"http://standardhealthrecord.org"}]}],"description":"No Values and id in SNOMED  - LOINC 72297-5 (Tunneling clock position of Wound)","keyword":[{"system":"http://loinc.org","code":"72297-5"}],"fhirVersion":"3.0.1","kind":"logical","abstract":false,"type":"fsw-TunnelingClockPosition-model","baseDefinition":"http://hl7.org/fhir/StructureDefinition/Element","derivation":"specialization","snapshot":{"element":[{"id":"fsw-TunnelingClockPosition-model","path":"fsw-TunnelingClockPosition-model","definition":"No Values and id in SNOMED  - LOINC 72297-5 (Tunneling clock position of Wound)","min":0,"max":"*","base":{"path":"fsw-TunnelingClockPosition-model","min":0,"max":"*"},"mustSupport":false,"isModifier":false,"isSummary":false},{"id":"fsw-TunnelingClockPosition-model.value","path":"fsw-TunnelingClockPosition-model.value","short":"Code representing no Values and id in SNOMED  - LOINC 72297-5 (Tunneling clock position of Wound)","definition":"Code representing no Values and id in SNOMED  - LOINC 72297-5 (Tunneling clock position of Wound)","min":1,"max":"1","base":{"path":"fsw-TunnelingClockPosition-model.value","min":1,"max":"1"},"type":[{"code":"Coding"}],"mustSupport":false,"isModifier":false,"isSummary":false,"binding":{"strength":"required","valueSetReference":{"reference":"https://fhir.loinc.org/ValueSet/LL2218-7"}}},{"id":"fsw-TunnelingClockPosition-model.topicCode","path":"fsw-TunnelingClockPosition-model.topicCode","short":"The concept representing the finding or action that is the topic of the statement.","definition":"The concept representing the finding or action that is the topic of the statement.\nFor action topics, the TopicCode represents the action being described. For findings, the TopicCode represents the 'question' or property being investigated. For evaluation result findings, the TopicCode contains a concept for an observable entity, such as systolic blood pressure. For assertion findings, the TopicCode contains a code representing the condition, allergy, or other item being asserted. In all cases, the TopicCode describes the topic  of the action or the finding.","min":0,"max":"1","base":{"path":"fsw-TunnelingClockPosition-model.topicCode","min":0,"max":"1"},"type":[{"code":"Coding"}],"mustSupport":false,"isModifier":false,"isSummary":false},{"id":"fsw-TunnelingClockPosition-model.exceptionValue","path":"fsw-TunnelingClockPosition-model.exceptionValue","short":"A value describing the reason for a missing value.","definition":"A value describing the reason for a missing value.","min":0,"max":"1","base":{"path":"fsw-TunnelingClockPosition-model.exceptionValue","min":0,"max":"1"},"type":[{"code":"Coding"}],"mustSupport":false,"isModifier":false,"isSummary":false,"binding":{"strength":"extensible","valueSetReference":{"reference":"http://hl7.org/fhir/ValueSet/data-absent-reason"}}},{"id":"fsw-TunnelingClockPosition-model.interpretation","path":"fsw-TunnelingClockPosition-model.interpretation","short":"Description","definition":"Description","min":0,"max":"1","base":{"path":"fsw-TunnelingClockPosition-model.interpretation","min":0,"max":"1"},"type":[{"code":"Coding"}],"mustSupport":false,"isModifier":false,"isSummary":false}]},"differential":{"element":[{"id":"fsw-TunnelingClockPosition-model","path":"fsw-TunnelingClockPosition-model","definition":"No Values and id in SNOMED  - LOINC 72297-5 (Tunneling clock position of Wound)","min":0,"max":"*","base":{"path":"fsw-TunnelingClockPosition-model","min":0,"max":"*"},"mustSupport":false,"isModifier":false,"isSummary":false},{"id":"fsw-TunnelingClockPosition-model.value","path":"fsw-TunnelingClockPosition-model.value","short":"Code representing no Values and id in SNOMED  - LOINC 72297-5 (Tunneling clock position of Wound)","definition":"Code representing no Values and id in SNOMED  - LOINC 72297-5 (Tunneling clock position of Wound)","min":1,"max":"1","base":{"path":"fsw-TunnelingClockPosition-model.value","min":1,"max":"1"},"type":[{"code":"Coding"}],"mustSupport":false,"isModifier":false,"isSummary":false,"binding":{"strength":"required","valueSetReference":{"reference":"https://fhir.loinc.org/ValueSet/LL2218-7"}}},{"id":"fsw-TunnelingClockPosition-model.topicCode","path":"fsw-TunnelingClockPosition-model.topicCode","short":"The concept representing the finding or action that is the topic of the statement.","definition":"The concept representing the finding or action that is the topic of the statement.\nFor action topics, the TopicCode represents the action being described. For findings, the TopicCode represents the 'question' or property being investigated. For evaluation result findings, the TopicCode contains a concept for an observable entity, such as systolic blood pressure. For assertion findings, the TopicCode contains a code representing the condition, allergy, or other item being asserted. In all cases, the TopicCode describes the topic  of the action or the finding.","min":0,"max":"1","base":{"path":"fsw-TunnelingClockPosition-model.topicCode","min":0,"max":"1"},"type":[{"code":"Coding"}],"mustSupport":false,"isModifier":false,"isSummary":false},{"id":"fsw-TunnelingClockPosition-model.exceptionValue","path":"fsw-TunnelingClockPosition-model.exceptionValue","short":"A value describing the reason for a missing value.","definition":"A value describing the reason for a missing value.","min":0,"max":"1","base":{"path":"fsw-TunnelingClockPosition-model.exceptionValue","min":0,"max":"1"},"type":[{"code":"Coding"}],"mustSupport":false,"isModifier":false,"isSummary":false,"binding":{"strength":"extensible","valueSetReference":{"reference":"http://hl7.org/fhir/ValueSet/data-absent-reason"}}},{"id":"fsw-TunnelingClockPosition-model.interpretation","path":"fsw-TunnelingClockPosition-model.interpretation","short":"Description","definition":"Description","min":0,"max":"1","base":{"path":"fsw-TunnelingClockPosition-model.interpretation","min":0,"max":"1"},"type":[{"code":"Coding"}],"mustSupport":false,"isModifier":false,"isSummary":false}]}}