"Path","Slice Name","Alias(s)","Label","Min","Max","Must Support?","Is Modifier?","Is Summary?","Type(s)","Short","Definition","Comments","Requirements","Default Value","Meaning When Missing","Fixed Value","Pattern","Example","Minimum Value","Maximum Value","Maximum Length","Binding Strength","Binding Description","Binding Value Set","Code","Slicing Discriminator","Slicing Description","Slicing Ordered","Slicing Rules","Base Path","Base Min","Base Max","Condition(s)","Constraint(s)"
"shr-core-TimePeriod-model","","","",0,*,"","","","","","A period of time defined by a start and end time, date, or year.
If the start element is missing, the start of the period is not known. If the end element is missing, it means that the period is ongoing, or the start may be in the past, and the end date in the future, which means that period is expected/planned to end at the specified time. The end value includes any matching date/time. For example, the period 2011-05-23 to 2011-05-27 includes all the times from the start of the 23rd May through to the end of the 27th of May.","","","","","","","","","",,,,,"",,,,"shr-core-TimePeriod-model",0,*,"",""
"shr-core-TimePeriod-model.timePeriodStart","","","",0,1,"","","","dateTime {[]} {[]}
","The time at which something is to take effect, start, or did start. Boundary is considered inclusive.","The time at which something is to take effect, start, or did start. Boundary is considered inclusive.","","","","","","","","","",,,,,"http://ncimeta.nci.nih.gov#C1301880
",,,,"shr-core-TimePeriod-model.timePeriodStart",0,1,"",""
"shr-core-TimePeriod-model.timePeriodEnd","","","",0,1,"","","","dateTime {[]} {[]}
","The time at which something is to end or did end. Boundary is considered inclusive.","The time at which something is to end or did end. Boundary is considered inclusive.","","","","","","","","","",,,,,"http://ncimeta.nci.nih.gov#C1522314
",,,,"shr-core-TimePeriod-model.timePeriodEnd",0,1,"",""
