"Path","Slice Name","Alias(s)","Label","Min","Max","Must Support?","Is Modifier?","Is Summary?","Type(s)","Short","Definition","Comments","Requirements","Default Value","Meaning When Missing","Fixed Value","Pattern","Example","Minimum Value","Maximum Value","Maximum Length","Binding Strength","Binding Description","Binding Value Set","Code","Slicing Discriminator","Slicing Description","Slicing Ordered","Slicing Rules","Base Path","Base Min","Base Max","Condition(s)","Constraint(s)"
"shr-base-Composition-model","","","",0,*,"","","","","","A set of one or more statements or aggregations that should be interpreted together, exchanged as a collection, or may be aggregregated for the purpose of clinical input or output.","","","","","","","","","",,,,,"",,,,"shr-base-Composition-model",0,*,"",""
"shr-base-Composition-model.subject","","","",1,1,"","","","http://hl7.org/fhir/us/sw/StructureDefinition/shr-base-Statement-model {[]} {[]}
","The person, place, event, condition, other statement that this statement addresses or belongs to.","The person, place, event, condition, other statement that this statement addresses or belongs to.
For an existential finding, the Subject is the 'owner' of the object said to exist or not exist. For example, the subject for a condition is a patient; the subject for wound size is a wound. Subjects are themselves statements.","","","","","","","","","",,,,,"",,,,"shr-base-Composition-model.subject",1,1,"",""
"shr-base-Composition-model.typeCode","","","",1,1,"","","","Coding {[]} {[]}
","A code that describes the type of composition or section, such as a section or document type identifier.","A code that describes the type of composition or section, such as a section or document type identifier.","","","","","","","","","",,,,,"",,,,"shr-base-Composition-model.typeCode",1,1,"",""
"shr-base-Composition-model.statement","","","",0,*,"","","","http://hl7.org/fhir/us/sw/StructureDefinition/shr-base-Statement-model {[]} {[]}
","Base class for all types of clinical statements.","Base class for all types of clinical statements.","","","","","","","","","",,,,,"",,,,"shr-base-Composition-model.statement",0,*,"",""
