"Path","Slice Name","Alias(s)","Label","Min","Max","Must Support?","Is Modifier?","Is Summary?","Type(s)","Short","Definition","Comments","Requirements","Default Value","Meaning When Missing","Fixed Value","Pattern","Example","Minimum Value","Maximum Value","Maximum Length","Binding Strength","Binding Description","Binding Value Set","Code","Slicing Discriminator","Slicing Description","Slicing Ordered","Slicing Rules","Base Path","Base Min","Base Max","Condition(s)","Constraint(s)"
"shr-base-ExistentialFinding-model","","","",0,*,"","","","","","An assertion of a physical or conceptual entity, relationship, situation, condition, or phenomenon present or absent.","","","","","","","","","",,,,,"",,,,"shr-base-ExistentialFinding-model",0,*,"",""
"shr-base-ExistentialFinding-model.findingStatus","","","",1,1,"","","","code {[]} {[]}
","Indicates whether the finding is preliminary, amended, final, etc.","Indicates whether the finding is preliminary, amended, final, etc.","","","","","","","","","",,"required","","http://hl7.org/fhir/ValueSet/observation-status","",,,,"shr-base-ExistentialFinding-model.findingStatus",1,1,"",""
"shr-base-ExistentialFinding-model.relevantTime","","","",0,1,"","","","dateTime {[]} {[]}
http://hl7.org/fhir/us/sw/StructureDefinition/shr-core-TimePeriod-model {[]} {[]}","The time or time period that the statement addresses.","The time or time period that the statement addresses.","","","","","","","","","",,,,,"",,,,"shr-base-ExistentialFinding-model.relevantTime",0,1,"",""
"shr-base-ExistentialFinding-model.findingMethod","","","",0,1,"","","","Coding {[]} {[]}
","The method used to determine the finding.","The method used to determine the finding.","","","","","","","","","",,,,,"",,,,"shr-base-ExistentialFinding-model.findingMethod",0,1,"",""
"shr-base-ExistentialFinding-model.presentOrAbsent","","","",1,1,"","","","Coding {[]} {[]}
","Whether the object is present or absent, exists or does not exist.","Whether the object is present or absent, exists or does not exist.","","","","","","","","","",,"required","","http://hl7.org/fhir/us/sw/ValueSet/shr-base-PresentAbsentVS","",,,,"shr-base-ExistentialFinding-model.presentOrAbsent",1,1,"",""
