"Path","Slice Name","Alias(s)","Label","Min","Max","Must Support?","Is Modifier?","Is Summary?","Type(s)","Short","Definition","Comments","Requirements","Default Value","Meaning When Missing","Fixed Value","Pattern","Example","Minimum Value","Maximum Value","Maximum Length","Binding Strength","Binding Description","Binding Value Set","Code","Slicing Discriminator","Slicing Description","Slicing Ordered","Slicing Rules","Base Path","Base Min","Base Max","Condition(s)","Constraint(s)"
"shr-base-ObjectPresentOrAbsent-model","","","",0,*,"","","","","","An assertion of a physical or conceptual entity, relationship, role, situation, condition, or phenomenon present or absent.","","","","","","","","","",,,,,"",,,,"shr-base-ObjectPresentOrAbsent-model",0,*,"",""
"shr-base-ObjectPresentOrAbsent-model.findingStatus","","","",1,1,"","","","code {[]} {[]}
","Indicates whether the finding is preliminary, amended, final, etc.","Indicates whether the finding is preliminary, amended, final, etc.","","","","","","","","","",,"required","","http://hl7.org/fhir/ValueSet/observation-status","",,,,"shr-base-ObjectPresentOrAbsent-model.findingStatus",1,1,"",""
"shr-base-ObjectPresentOrAbsent-model.relevantTime","","","",0,1,"","","","dateTime {[]} {[]}
http://hl7.org/fhir/us/sw/StructureDefinition/shr-core-TimePeriod-model {[]} {[]}","The time or time period that the statement addresses.","The time or time period that the statement addresses.","","","","","","","","","",,,,,"",,,,"shr-base-ObjectPresentOrAbsent-model.relevantTime",0,1,"",""
"shr-base-ObjectPresentOrAbsent-model.findingMethod","","","",0,1,"","","","Coding {[]} {[]}
","The method used to determine the finding.","The method used to determine the finding.","","","","","","","","","",,,,,"",,,,"shr-base-ObjectPresentOrAbsent-model.findingMethod",0,1,"",""
"shr-base-ObjectPresentOrAbsent-model.presentOrAbsent","","","",1,1,"","","","Coding {[]} {[]}
","Whether the object is present or absent, exists or does not exist.","Whether the object is present or absent, exists or does not exist.","","","","","","","","","",,"required","","http://hl7.org/fhir/us/sw/ValueSet/shr-base-PresentAbsentVS","",,,,"shr-base-ObjectPresentOrAbsent-model.presentOrAbsent",1,1,"",""
"shr-base-ObjectPresentOrAbsent-model.subject","","","",0,1,"","","","http://hl7.org/fhir/us/sw/StructureDefinition/shr-base-Statement-model {[]} {[]}
","The person, place, event, condition, other statement that this statement addresses or belongs to.","The person, place, event, condition, other statement that this statement addresses or belongs to.
For an existential finding, the Subject is the 'owner' of the object said to exist or not exist. For example, the subject for a condition is a patient; the subject for wound size is a wound. Subjects are themselves statements.","","","","","","","","","",,,,,"",,,,"shr-base-ObjectPresentOrAbsent-model.subject",0,1,"",""
"shr-base-ObjectPresentOrAbsent-model.objectTypeCode","","","",0,1,"","","","Coding {[]} {[]}
","A code representing the type of entity, person, role, condition, or phenomenon that is being asserted to exist or not exist.","A code representing the type of entity, person, role, condition, or phenomenon that is being asserted to exist or not exist.","","","","","","","","","",,,,,"",,,,"shr-base-ObjectPresentOrAbsent-model.objectTypeCode",0,1,"",""
"shr-base-ObjectPresentOrAbsent-model.objectIdentifier","","","",0,1,"","","","string {[]} {[]}
","For later reference, an identifier for the object implied by the assertion, which allows the object to be tracked over time. For example, a wound number is used to track a specific wound's condition over time.","For later reference, an identifier for the object implied by the assertion, which allows the object to be tracked over time. For example, a wound number is used to track a specific wound's condition over time.","","","","","","","","","",,,,,"",,,,"shr-base-ObjectPresentOrAbsent-model.objectIdentifier",0,1,"",""
