"Path","Slice Name","Alias(s)","Label","Min","Max","Must Support?","Is Modifier?","Is Summary?","Type(s)","Short","Definition","Comments","Requirements","Default Value","Meaning When Missing","Fixed Value","Pattern","Example","Minimum Value","Maximum Value","Maximum Length","Binding Strength","Binding Description","Binding Value Set","Code","Slicing Discriminator","Slicing Description","Slicing Ordered","Slicing Rules","Base Path","Base Min","Base Max","Condition(s)","Constraint(s)"
"shr-core-Units-model","","","",0,*,"","","","","","Code for the unit of measure of the quantity.","","","","","","","","","",,,,,"",,,,"shr-core-Units-model",0,*,"",""
"shr-core-Units-model.value","","","",1,1,"","","","Coding {[]} {[]}
","Code representing code for the unit of measure of the quantity.","Code representing code for the unit of measure of the quantity.","","","","","","","","","",,"preferred","","http://hl7.org/fhir/us/sw/ValueSet/shr-core-AllUnitsVS","http://ncimeta.nci.nih.gov#C0805701
",,,,"shr-core-Units-model.value",1,1,"",""
