"Path","Slice Name","Alias(s)","Label","Min","Max","Must Support?","Is Modifier?","Is Summary?","Type(s)","Short","Definition","Comments","Requirements","Default Value","Meaning When Missing","Fixed Value","Pattern","Example","Minimum Value","Maximum Value","Maximum Length","Binding Strength","Binding Description","Binding Value Set","Code","Slicing Discriminator","Slicing Description","Slicing Ordered","Slicing Rules","Base Path","Base Min","Base Max","Condition(s)","Constraint(s)"
"shr-base-Observation-model","","","",0,*,"","","","","","A statement that asserts the value of a property (observable) of the subject. The subject is often the patient, but may be a condition, a physical structure, or another clinical statement. For example, an interpretation is a finding about an observation.","","","","","","","","","",,,,,"",,,,"shr-base-Observation-model",0,*,"",""
"shr-base-Observation-model.findingStatus","","","",1,1,"","","","code {[]} {[]}
","Indicates whether the finding is preliminary, amended, final, etc.","Indicates whether the finding is preliminary, amended, final, etc.","","","","","","","","","",,"required","","http://hl7.org/fhir/ValueSet/observation-status","",,,,"shr-base-Observation-model.findingStatus",1,1,"",""
"shr-base-Observation-model.relevantTime","","","",0,1,"","","","dateTime {[]} {[]}
http://hl7.org/fhir/us/sw/StructureDefinition/shr-core-TimePeriod-model {[]} {[]}","The time or time period that the statement addresses.","The time or time period that the statement addresses.","","","","","","","","","",,,,,"",,,,"shr-base-Observation-model.relevantTime",0,1,"",""
"shr-base-Observation-model.findingMethod","","","",0,1,"","","","Coding {[]} {[]}
","The method used to determine the finding.","The method used to determine the finding.","","","","","","","","","",,,,,"",,,,"shr-base-Observation-model.findingMethod",0,1,"",""
"shr-base-Observation-model.subject","","","",1,1,"","","","http://hl7.org/fhir/us/sw/StructureDefinition/shr-base-Statement-model {[]} {[]}
","The person, place, event, condition, other statement that this statement addresses or belongs to.","The person, place, event, condition, other statement that this statement addresses or belongs to.
For an existential finding, the Subject is the 'owner' of the object said to exist or not exist. For example, the subject for a condition is a patient; the subject for wound size is a wound. Subjects are themselves statements.","","","","","","","","","",,,,,"",,,,"shr-base-Observation-model.subject",1,1,"",""
"shr-base-Observation-model.observableCode","","","",1,1,"","","","Coding {[]} {[]}
","A code describing the aspect or property of the subject being observed or measured. The ObservableCode is the 'question code' that pairs to the 'answer' contained in the ResultValue.","A code describing the aspect or property of the subject being observed or measured. The ObservableCode is the 'question code' that pairs to the 'answer' contained in the ResultValue.","","","","","","","","","",,,,,"",,,,"shr-base-Observation-model.observableCode",1,1,"",""
"shr-base-Observation-model.resultValue","","","",0,1,"","","","http://hl7.org/fhir/us/sw/StructureDefinition/shr-core-Quantity-model {[]} {[]}
Coding {[]} {[]}string {[]} {[]}boolean {[]} {[]}http://hl7.org/fhir/us/sw/StructureDefinition/shr-core-Range-model {[]} {[]}http://hl7.org/fhir/us/sw/StructureDefinition/shr-core-Ratio-model {[]} {[]}time {[]} {[]}dateTime {[]} {[]}http://hl7.org/fhir/us/sw/StructureDefinition/shr-core-TimePeriod-model {[]} {[]}http://hl7.org/fhir/us/sw/StructureDefinition/shr-core-Media-model {[]} {[]}","The finding itself, such as the blood pressure value recorded.","The finding itself, such as the blood pressure value recorded.","","","","","","","","","",,,,,"",,,,"shr-base-Observation-model.resultValue",0,1,"",""
"shr-base-Observation-model.qualifier","","","",0,*,"","","","Coding {[]} {[]}
","A condition or circumstance associated with an observation that affects the interpretation of the result value.","A condition or circumstance associated with an observation that affects the interpretation of the result value.","","","","","","","","","",,,,,"",,,,"shr-base-Observation-model.qualifier",0,*,"",""
