"Path","Slice Name","Alias(s)","Label","Min","Max","Must Support?","Is Modifier?","Is Summary?","Type(s)","Short","Definition","Comments","Requirements","Default Value","Meaning When Missing","Fixed Value","Pattern","Example","Minimum Value","Maximum Value","Maximum Length","Binding Strength","Binding Description","Binding Value Set","Code","Slicing Discriminator","Slicing Description","Slicing Ordered","Slicing Rules","Base Path","Base Min","Base Max","Condition(s)","Constraint(s)"
"shr-base-Cluster-model","","","",0,*,"","","","","","A collection of statements and groups.","","","","","","","","","",,,,,"",,,,"shr-base-Cluster-model",0,*,"",""
"shr-base-Cluster-model.typeCode","","","",0,1,"","","","Coding {[]} {[]}
","A code that describes the type of composition or section, such as a section or document type identifier.","A code that describes the type of composition or section, such as a section or document type identifier.","","","","","","","","","",,,,,"",,,,"shr-base-Cluster-model.typeCode",0,1,"",""
"shr-base-Cluster-model.statement","","","",0,*,"","","","http://hl7.org/fhir/us/sw/StructureDefinition/shr-base-Statement-model {[]} {[]}
","Base class for all types of clinical statements.","Base class for all types of clinical statements.","","","","","","","","","",,,,,"",,,,"shr-base-Cluster-model.statement",0,*,"",""
