"Path","Slice Name","Alias(s)","Label","Min","Max","Must Support?","Is Modifier?","Is Summary?","Type(s)","Short","Definition","Comments","Requirements","Default Value","Meaning When Missing","Fixed Value","Pattern","Example","Minimum Value","Maximum Value","Maximum Length","Binding Strength","Binding Description","Binding Value Set","Code","Slicing Discriminator","Slicing Description","Slicing Ordered","Slicing Rules","Base Path","Base Min","Base Max","Condition(s)","Constraint(s)"
"shr-core-Ratio-model","","","",0,*,"","","","","","A unit of measurement for the quotient of the amount of one entity to another.","","","","","","","","","",,,,,"",,,,"shr-core-Ratio-model",0,*,"",""
"shr-core-Ratio-model.numerator","","","",1,1,"","","","http://hl7.org/fhir/us/sw/StructureDefinition/shr-core-Quantity-model {[]} {[]}
","The dividend of a fraction.","The dividend of a fraction.","","","","","","","","","",,,,,"http://ncimeta.nci.nih.gov#C2825219
",,,,"shr-core-Ratio-model.numerator",1,1,"",""
"shr-core-Ratio-model.denominator","","","",1,1,"","","","http://hl7.org/fhir/us/sw/StructureDefinition/shr-core-Quantity-model {[]} {[]}
","The divisor of a fraction.","The divisor of a fraction.","","","","","","","","","",,,,,"http://ncimeta.nci.nih.gov#C2825218
",,,,"shr-core-Ratio-model.denominator",1,1,"",""
