<?xml version="1.0" encoding="UTF-8"?>

<StructureDefinition xmlns="http://hl7.org/fhir">
  <id value="shr-core-Ratio-model"/>
  <text>
    <status value="generated"/><div xmlns="http://www.w3.org/1999/xhtml">
  <p><b>SW Ratio Logical Model</b></p>
  <p>A unit of measurement for the quotient of the amount of one entity to another.</p>
</div>
  </text>
  <url value="http://hl7.org/fhir/us/sw/StructureDefinition/shr-core-Ratio-model"/>
  <identifier>
    <system value="http://hl7.org/fhir/us/sw"/>
    <value value="shr.core.Ratio"/>
  </identifier>
  <version value="1.0.0"/>
  <name value="RatioModel"/>
  <title value="SW Ratio Logical Model"/>
  <status value="draft"/>
  <date value="2018-08-17T00:00:00-04:00"/>
  <publisher value="HL7 Patient Care and Clinical Information Modeling Initiative Work Groups"/>
  <contact>
    <telecom>
      <system value="url"/>
      <value value="http://standardhealthrecord.org"/>
    </telecom>
  </contact>
  <description value="A unit of measurement for the quotient of the amount of one entity to another."/>
  <keyword>
    <system value="http://ncimeta.nci.nih.gov"/>
    <code value="C0456603"/>
  </keyword>
  <kind value="logical"/>
  <abstract value="false"/>
  <type value="shr-core-Ratio-model"/>
  <baseDefinition value="http://hl7.org/fhir/StructureDefinition/Element"/>
  <derivation value="specialization"/>
  <snapshot>
    <element id="shr-core-Ratio-model">
      <path value="shr-core-Ratio-model"/>
      <definition value="A unit of measurement for the quotient of the amount of one entity to another."/>
      <min value="0"/>
      <max value="*"/>
      <base>
        <path value="shr-core-Ratio-model"/>
        <min value="0"/>
        <max value="*"/>
      </base>
      <mustSupport value="false"/>
      <isModifier value="false"/>
      <isSummary value="false"/>
    </element>
    <element id="shr-core-Ratio-model.numerator">
      <path value="shr-core-Ratio-model.numerator"/>
      <code>
        <system value="http://ncimeta.nci.nih.gov"/>
        <code value="C2825219"/>
      </code>
      <short value="The dividend of a fraction."/>
      <definition value="The dividend of a fraction."/>
      <min value="1"/>
      <max value="1"/>
      <base>
        <path value="shr-core-Ratio-model.numerator"/>
        <min value="1"/>
        <max value="1"/>
      </base>
      <type>
        <code value="http://hl7.org/fhir/us/sw/StructureDefinition/shr-core-Quantity-model"/>
      </type>
      <mustSupport value="false"/>
      <isModifier value="false"/>
      <isSummary value="false"/>
    </element>
    <element id="shr-core-Ratio-model.denominator">
      <path value="shr-core-Ratio-model.denominator"/>
      <code>
        <system value="http://ncimeta.nci.nih.gov"/>
        <code value="C2825218"/>
      </code>
      <short value="The divisor of a fraction."/>
      <definition value="The divisor of a fraction."/>
      <min value="1"/>
      <max value="1"/>
      <base>
        <path value="shr-core-Ratio-model.denominator"/>
        <min value="1"/>
        <max value="1"/>
      </base>
      <type>
        <code value="http://hl7.org/fhir/us/sw/StructureDefinition/shr-core-Quantity-model"/>
      </type>
      <mustSupport value="false"/>
      <isModifier value="false"/>
      <isSummary value="false"/>
    </element>
  </snapshot>
  <differential>
    <element id="shr-core-Ratio-model">
      <path value="shr-core-Ratio-model"/>
      <definition value="A unit of measurement for the quotient of the amount of one entity to another."/>
      <min value="0"/>
      <max value="*"/>
      <base>
        <path value="shr-core-Ratio-model"/>
        <min value="0"/>
        <max value="*"/>
      </base>
      <mustSupport value="false"/>
      <isModifier value="false"/>
      <isSummary value="false"/>
    </element>
    <element id="shr-core-Ratio-model.numerator">
      <path value="shr-core-Ratio-model.numerator"/>
      <code>
        <system value="http://ncimeta.nci.nih.gov"/>
        <code value="C2825219"/>
      </code>
      <short value="The dividend of a fraction."/>
      <definition value="The dividend of a fraction."/>
      <min value="1"/>
      <max value="1"/>
      <base>
        <path value="shr-core-Ratio-model.numerator"/>
        <min value="1"/>
        <max value="1"/>
      </base>
      <type>
        <code value="http://hl7.org/fhir/us/sw/StructureDefinition/shr-core-Quantity-model"/>
      </type>
      <mustSupport value="false"/>
      <isModifier value="false"/>
      <isSummary value="false"/>
    </element>
    <element id="shr-core-Ratio-model.denominator">
      <path value="shr-core-Ratio-model.denominator"/>
      <code>
        <system value="http://ncimeta.nci.nih.gov"/>
        <code value="C2825218"/>
      </code>
      <short value="The divisor of a fraction."/>
      <definition value="The divisor of a fraction."/>
      <min value="1"/>
      <max value="1"/>
      <base>
        <path value="shr-core-Ratio-model.denominator"/>
        <min value="1"/>
        <max value="1"/>
      </base>
      <type>
        <code value="http://hl7.org/fhir/us/sw/StructureDefinition/shr-core-Quantity-model"/>
      </type>
      <mustSupport value="false"/>
      <isModifier value="false"/>
      <isSummary value="false"/>
    </element>
  </differential>
</StructureDefinition>