{"resourceType":"StructureDefinition","id":"shr-core-TimePeriodEnd-model","text":{"status":"generated","div":"<div xmlns=\"http://www.w3.org/1999/xhtml\">\n  <p><b>SW TimePeriodEnd Logical Model</b></p>\n  <p>The time at which something is to end or did end. Boundary is considered inclusive.</p>\n</div>"},"url":"http://hl7.org/fhir/us/sw/StructureDefinition/shr-core-TimePeriodEnd-model","identifier":[{"system":"http://hl7.org/fhir/us/sw","value":"shr.core.TimePeriodEnd"}],"version":"1.0.0","name":"TimePeriodEndModel","title":"SW TimePeriodEnd Logical Model","status":"draft","date":"2018-08-17T00:00:00-04:00","publisher":"HL7 Patient Care and Clinical Information Modeling Initiative Work Groups","contact":[{"telecom":[{"system":"url","value":"http://standardhealthrecord.org"}]}],"description":"The time at which something is to end or did end. Boundary is considered inclusive.","keyword":[{"system":"http://ncimeta.nci.nih.gov","code":"C1522314"}],"fhirVersion":"3.0.1","kind":"logical","abstract":false,"type":"shr-core-TimePeriodEnd-model","baseDefinition":"http://hl7.org/fhir/StructureDefinition/Element","derivation":"specialization","snapshot":{"element":[{"id":"shr-core-TimePeriodEnd-model","path":"shr-core-TimePeriodEnd-model","definition":"The time at which something is to end or did end. Boundary is considered inclusive.","min":0,"max":"*","base":{"path":"shr-core-TimePeriodEnd-model","min":0,"max":"*"},"mustSupport":false,"isModifier":false,"isSummary":false},{"id":"shr-core-TimePeriodEnd-model.value","path":"shr-core-TimePeriodEnd-model.value","short":"DateTime representing the time at which something is to end or did end. Boundary is considered inclusive.","definition":"DateTime representing the time at which something is to end or did end. Boundary is considered inclusive.","min":1,"max":"1","base":{"path":"shr-core-TimePeriodEnd-model.value","min":1,"max":"1"},"type":[{"code":"dateTime"}],"mustSupport":false,"isModifier":false,"isSummary":false}]},"differential":{"element":[{"id":"shr-core-TimePeriodEnd-model","path":"shr-core-TimePeriodEnd-model","definition":"The time at which something is to end or did end. Boundary is considered inclusive.","min":0,"max":"*","base":{"path":"shr-core-TimePeriodEnd-model","min":0,"max":"*"},"mustSupport":false,"isModifier":false,"isSummary":false},{"id":"shr-core-TimePeriodEnd-model.value","path":"shr-core-TimePeriodEnd-model.value","short":"DateTime representing the time at which something is to end or did end. Boundary is considered inclusive.","definition":"DateTime representing the time at which something is to end or did end. Boundary is considered inclusive.","min":1,"max":"1","base":{"path":"shr-core-TimePeriodEnd-model.value","min":1,"max":"1"},"type":[{"code":"dateTime"}],"mustSupport":false,"isModifier":false,"isSummary":false}]}}