{"resourceType":"StructureDefinition","id":"shr-base-ObjectTypeCode-model","text":{"status":"generated","div":"<div xmlns=\"http://www.w3.org/1999/xhtml\">\n  <p><b>SW ObjectTypeCode Logical Model</b></p>\n  <p>A code representing the type of entity, person, role, condition, or phenomenon that is being asserted to exist or not exist.</p>\n</div>"},"url":"http://hl7.org/fhir/us/sw/StructureDefinition/shr-base-ObjectTypeCode-model","identifier":[{"system":"http://hl7.org/fhir/us/sw","value":"shr.base.ObjectTypeCode"}],"version":"1.0.0","name":"ObjectTypeCodeModel","title":"SW ObjectTypeCode Logical Model","status":"draft","date":"2018-08-17T00:00:00-04:00","publisher":"HL7 Patient Care and Clinical Information Modeling Initiative Work Groups","contact":[{"telecom":[{"system":"url","value":"http://standardhealthrecord.org"}]}],"description":"A code representing the type of entity, person, role, condition, or phenomenon that is being asserted to exist or not exist.","fhirVersion":"3.0.1","kind":"logical","abstract":false,"type":"shr-base-ObjectTypeCode-model","baseDefinition":"http://hl7.org/fhir/StructureDefinition/Element","derivation":"specialization","snapshot":{"element":[{"id":"shr-base-ObjectTypeCode-model","path":"shr-base-ObjectTypeCode-model","definition":"A code representing the type of entity, person, role, condition, or phenomenon that is being asserted to exist or not exist.","min":0,"max":"*","base":{"path":"shr-base-ObjectTypeCode-model","min":0,"max":"*"},"mustSupport":false,"isModifier":false,"isSummary":false},{"id":"shr-base-ObjectTypeCode-model.value","path":"shr-base-ObjectTypeCode-model.value","short":"Code representing a code representing the type of entity, person, role, condition, or phenomenon that is being asserted to exist or not exist.","definition":"Code representing a code representing the type of entity, person, role, condition, or phenomenon that is being asserted to exist or not exist.","min":1,"max":"1","base":{"path":"shr-base-ObjectTypeCode-model.value","min":1,"max":"1"},"type":[{"code":"Coding"}],"mustSupport":false,"isModifier":false,"isSummary":false}]},"differential":{"element":[{"id":"shr-base-ObjectTypeCode-model","path":"shr-base-ObjectTypeCode-model","definition":"A code representing the type of entity, person, role, condition, or phenomenon that is being asserted to exist or not exist.","min":0,"max":"*","base":{"path":"shr-base-ObjectTypeCode-model","min":0,"max":"*"},"mustSupport":false,"isModifier":false,"isSummary":false},{"id":"shr-base-ObjectTypeCode-model.value","path":"shr-base-ObjectTypeCode-model.value","short":"Code representing a code representing the type of entity, person, role, condition, or phenomenon that is being asserted to exist or not exist.","definition":"Code representing a code representing the type of entity, person, role, condition, or phenomenon that is being asserted to exist or not exist.","min":1,"max":"1","base":{"path":"shr-base-ObjectTypeCode-model.value","min":1,"max":"1"},"type":[{"code":"Coding"}],"mustSupport":false,"isModifier":false,"isSummary":false}]}}