{"resourceType":"StructureDefinition","id":"shr-base-Subject-model","text":{"status":"generated","div":"<div xmlns=\"http://www.w3.org/1999/xhtml\">\n  <p><b>SW Subject Logical Model</b></p>\n  <p>The person, place, event, condition, other statement that this statement addresses or belongs to.\nFor an existential finding, the Subject is the 'owner' of the object said to exist or not exist. For example, the subject for a condition is a patient; the subject for wound size is a wound. Subjects are themselves statements.</p>\n</div>"},"url":"http://hl7.org/fhir/us/sw/StructureDefinition/shr-base-Subject-model","identifier":[{"system":"http://hl7.org/fhir/us/sw","value":"shr.base.Subject"}],"version":"1.0.0","name":"SubjectModel","title":"SW Subject Logical Model","status":"draft","date":"2018-08-17T00:00:00-04:00","publisher":"HL7 Patient Care and Clinical Information Modeling Initiative Work Groups","contact":[{"telecom":[{"system":"url","value":"http://standardhealthrecord.org"}]}],"description":"The person, place, event, condition, other statement that this statement addresses or belongs to.\nFor an existential finding, the Subject is the 'owner' of the object said to exist or not exist. For example, the subject for a condition is a patient; the subject for wound size is a wound. Subjects are themselves statements.","fhirVersion":"3.0.1","kind":"logical","abstract":false,"type":"shr-base-Subject-model","baseDefinition":"http://hl7.org/fhir/StructureDefinition/Element","derivation":"specialization","snapshot":{"element":[{"id":"shr-base-Subject-model","path":"shr-base-Subject-model","definition":"The person, place, event, condition, other statement that this statement addresses or belongs to.\nFor an existential finding, the Subject is the 'owner' of the object said to exist or not exist. For example, the subject for a condition is a patient; the subject for wound size is a wound. Subjects are themselves statements.","min":0,"max":"*","base":{"path":"shr-base-Subject-model","min":0,"max":"*"},"mustSupport":false,"isModifier":false,"isSummary":false},{"id":"shr-base-Subject-model.value","path":"shr-base-Subject-model.value","short":"Statement representing the person, place, event, condition, other statement that this statement addresses or belongs to.","definition":"Statement representing the person, place, event, condition, other statement that this statement addresses or belongs to.\nFor an existential finding, the Subject is the 'owner' of the object said to exist or not exist. For example, the subject for a condition is a patient; the subject for wound size is a wound. Subjects are themselves statements.","min":1,"max":"1","base":{"path":"shr-base-Subject-model.value","min":1,"max":"1"},"type":[{"code":"http://hl7.org/fhir/us/sw/StructureDefinition/shr-base-Statement-model"}],"mustSupport":false,"isModifier":false,"isSummary":false}]},"differential":{"element":[{"id":"shr-base-Subject-model","path":"shr-base-Subject-model","definition":"The person, place, event, condition, other statement that this statement addresses or belongs to.\nFor an existential finding, the Subject is the 'owner' of the object said to exist or not exist. For example, the subject for a condition is a patient; the subject for wound size is a wound. Subjects are themselves statements.","min":0,"max":"*","base":{"path":"shr-base-Subject-model","min":0,"max":"*"},"mustSupport":false,"isModifier":false,"isSummary":false},{"id":"shr-base-Subject-model.value","path":"shr-base-Subject-model.value","short":"Statement representing the person, place, event, condition, other statement that this statement addresses or belongs to.","definition":"Statement representing the person, place, event, condition, other statement that this statement addresses or belongs to.\nFor an existential finding, the Subject is the 'owner' of the object said to exist or not exist. For example, the subject for a condition is a patient; the subject for wound size is a wound. Subjects are themselves statements.","min":1,"max":"1","base":{"path":"shr-base-Subject-model.value","min":1,"max":"1"},"type":[{"code":"http://hl7.org/fhir/us/sw/StructureDefinition/shr-base-Statement-model"}],"mustSupport":false,"isModifier":false,"isSummary":false}]}}