<?xml version="1.0" encoding="UTF-8"?><StructureDefinition xmlns="http://hl7.org/fhir"><id value="shr-core-Denominator-model"/><text><status value="generated"/><div xmlns="http://www.w3.org/1999/xhtml">
  <p><b>SW Denominator Logical Model</b></p>
  <p>The divisor of a fraction.</p>
</div></text><url value="http://hl7.org/fhir/us/sw/StructureDefinition/shr-core-Denominator-model"/><identifier><system value="http://hl7.org/fhir/us/sw"/><value value="shr.core.Denominator"/></identifier><version value="1.0.0"/><name value="DenominatorModel"/><title value="SW Denominator Logical Model"/><status value="draft"/><date value="2018-08-17T00:00:00-04:00"/><publisher value="HL7 Patient Care and Clinical Information Modeling Initiative Work Groups"/><contact><telecom><system value="url"/><value value="http://standardhealthrecord.org"/></telecom></contact><description value="The divisor of a fraction."/><keyword><system value="http://ncimeta.nci.nih.gov"/><code value="C2825218"/></keyword><fhirVersion value="3.0.1"/><kind value="logical"/><abstract value="false"/><type value="shr-core-Denominator-model"/><baseDefinition value="http://hl7.org/fhir/StructureDefinition/Element"/><derivation value="specialization"/><snapshot><element id="shr-core-Denominator-model"><path value="shr-core-Denominator-model"/><definition value="The divisor of a fraction."/><min value="0"/><max value="*"/><base><path value="shr-core-Denominator-model"/><min value="0"/><max value="*"/></base><mustSupport value="false"/><isModifier value="false"/><isSummary value="false"/></element><element id="shr-core-Denominator-model.value"><path value="shr-core-Denominator-model.value"/><short value="Quantity representing the divisor of a fraction."/><definition value="Quantity representing the divisor of a fraction."/><min value="1"/><max value="1"/><base><path value="shr-core-Denominator-model.value"/><min value="1"/><max value="1"/></base><type><code value="http://hl7.org/fhir/us/sw/StructureDefinition/shr-core-Quantity-model"/></type><mustSupport value="false"/><isModifier value="false"/><isSummary value="false"/></element></snapshot><differential><element id="shr-core-Denominator-model"><path value="shr-core-Denominator-model"/><definition value="The divisor of a fraction."/><min value="0"/><max value="*"/><base><path value="shr-core-Denominator-model"/><min value="0"/><max value="*"/></base><mustSupport value="false"/><isModifier value="false"/><isSummary value="false"/></element><element id="shr-core-Denominator-model.value"><path value="shr-core-Denominator-model.value"/><short value="Quantity representing the divisor of a fraction."/><definition value="Quantity representing the divisor of a fraction."/><min value="1"/><max value="1"/><base><path value="shr-core-Denominator-model.value"/><min value="1"/><max value="1"/></base><type><code value="http://hl7.org/fhir/us/sw/StructureDefinition/shr-core-Quantity-model"/></type><mustSupport value="false"/><isModifier value="false"/><isSummary value="false"/></element></differential></StructureDefinition>