<?xml version="1.0" encoding="UTF-8"?><ValueSet xmlns="http://hl7.org/fhir"><id value="shr-base-BodyStructureVS"/><text><status value="generated"/><div xmlns="http://www.w3.org/1999/xhtml">
<p><b>SW BodyStructureVS ValueSet</b></p>
<p/>
</div></text><url value="http://hl7.org/fhir/us/sw/ValueSet/shr-base-BodyStructureVS"/><identifier><system value="http://hl7.org/fhir/us/sw"/><value value="shr.base.BodyStructureVS"/></identifier><version value="1.0.0"/><name value="BodyStructureVS"/><title value="SW BodyStructureVS ValueSet"/><status value="draft"/><date value="2018-08-17T00:00:00-04:00"/><publisher value="HL7 Patient Care and Clinical Information Modeling Initiative Work Groups"/><contact><telecom><system value="url"/><value value="http://standardhealthrecord.org"/></telecom></contact><compose><include><system value="http://snomed.info/sct"/><filter><property value="concept"/><op value="is-a"/><value value="123037004"/></filter></include></compose></ValueSet>