"Path","Slice Name","Alias(s)","Label","Min","Max","Must Support?","Is Modifier?","Is Summary?","Type(s)","Short","Definition","Comments","Requirements","Default Value","Meaning When Missing","Fixed Value","Pattern","Example","Minimum Value","Maximum Value","Maximum Length","Binding Strength","Binding Description","Binding Value Set","Code","Slicing Discriminator","Slicing Description","Slicing Ordered","Slicing Rules","Base Path","Base Min","Base Max","Condition(s)","Constraint(s)","Mapping: RIM Mapping"
"DomainResource","","","",0,*,"","","","","SW FindingStatement Profile","Any clinical statement representing a finding.","","","","","","","","","",,,,,"",,,,"",0,null,"","dom-2:If the resource is contained in another resource, it SHALL NOT contain nested Resources {contained.contained.empty()}
dom-1:If the resource is contained in another resource, it SHALL NOT contain any narrative {contained.text.empty()}dom-4:If a resource is contained in another resource, it SHALL NOT have a meta.versionId or a meta.lastUpdated {contained.meta.versionId.empty() and contained.meta.lastUpdated.empty()}dom-3:If the resource is contained in another resource, it SHALL be referred to from elsewhere in the resource {contained.where(('#'+id in %resource.descendants().reference).not()).empty()}","Entity. Role, or Act"
"DomainResource.id","","","",0,1,"","","Y","id {[]} {[]}
","Logical id of this artifact","The logical id of the resource, as used in the URL for the resource. Once assigned, this value never changes.","The only time that a resource does not have an id is when it is being submitted to the server using a create operation.","","","","","","","","",,,,,"",,,,"Resource.id",0,1,"",""
"DomainResource.meta","","","",0,1,"","","Y","Meta {[]} {[]}
","Metadata about the resource","The metadata about the resource. This is content that is maintained by the infrastructure. Changes to the content may not always be associated with version changes to the resource.","","","","","","","","","",,,,,"",,,,"Resource.meta",0,1,"",""
"DomainResource.implicitRules","","","",0,1,"","Y","Y","uri {[]} {[]}
","A set of rules under which this content was created","A reference to a set of rules that were followed when the resource was constructed, and which must be understood when processing the content.","Asserting this rule set restricts the content to be only understood by a limited set of trading partners. This inherently limits the usefulness of the data in the long term. However, the existing health eco-system is highly fractured, and not yet ready to define, collect, and exchange data in a generally computable sense. Wherever possible, implementers and/or specification writers should avoid using this element. 

This element is labelled as a modifier because the implicit rules may provide additional knowledge about the resource that modifies it's meaning or interpretation.","","","","","","","","",,,,,"",,,,"Resource.implicitRules",0,1,"",""
"DomainResource.language","","","",0,1,"","","","code {[]} {[]}
","Language of the resource content","The base language in which the resource is written.","Language is provided to support indexing and accessibility (typically, services such as text to speech use the language tag). The html language tag in the narrative applies  to the narrative. The language tag on the resource may be used to specify the language of other presentations generated from the data in the resource  Not all the content has to be in the base language. The Resource.language should not be assumed to apply to the narrative automatically. If a language is specified, it should it also be specified on the div element in the html (see rules in HTML5 for information about the relationship between xml:lang and the html lang attribute).","","","","","","","","",,"extensible","A human language.","http://hl7.org/fhir/ValueSet/languages","",,,,"Resource.language",0,1,"",""
"DomainResource.text","","narrative
htmlxhtmldisplay","",0,1,"","","","Narrative {[]} {[]}
","Text summary of the resource, for human interpretation","A human-readable narrative that contains a summary of the resource, and may be used to represent the content of the resource to a human. The narrative need not encode all the structured data, but is required to contain sufficient detail to make it ""clinically safe"" for a human to just read the narrative. Resource definitions may define what content should be represented in the narrative to ensure clinical safety.","Contained resources do not have narrative. Resources that are not contained SHOULD have a narrative. In some cases, a resource may only have text with little or no additional discrete data (as long as all minOccurs=1 elements are satisfied).  This may be necessary for data from legacy systems where information is captured as a ""text blob"" or where text is additionally entered raw or narrated and encoded in formation is added later.","","","","","","","","",,,,,"",,,,"",0,null,"dom-1
","","Act.text?"
"DomainResource.contained","","inline resources
anonymous resourcescontained resources","",0,*,"","","","Resource {[]} {[]}
","Contained, inline Resources","These resources do not have an independent existence apart from the resource that contains them - they cannot be identified independently, and nor can they have their own independent transaction scope.","This should never be done when the content can be identified properly, as once identification is lost, it is extremely difficult (and context dependent) to restore it again.","","","","","","","","",,,,,"",,,,"",0,null,"","","N/A"
"DomainResource.extension","","extensions
user content","",0,*,"","","","Extension {[]} {[]}
","Additional Content defined by implementations","May be used to represent additional information that is not part of the basic definition of the resource. In order to make the use of extensions safe and manageable, there is a strict set of governance  applied to the definition and use of extensions. Though any implementer is allowed to define an extension, there is a set of requirements that SHALL be met as part of the definition of the extension.","There can be no stigma associated with the use of extensions by any application, project, or standard - regardless of the institution or jurisdiction that uses or defines the extensions.  The use of extensions is what allows the FHIR specification to retain a core level of simplicity for everyone.","","","","","","","","",,,,,"","value:url}
","Extensions are always sliced by (at least) url",,"open","",0,null,"","","N/A"
"DomainResource.extension","personofrecord","","",0,1,"","","","Extension {[CanonicalType[http://hl7.org/fhir/us/sw/StructureDefinition/cimi-core-PersonOfRecord-extension]]} {[]}
","","The person this entry belongs to.","","","","","","","","","",,,,,"",,,,"",0,null,"",""
"DomainResource.extension","recorded","","",0,1,"","","","Extension {[CanonicalType[http://hl7.org/fhir/us/sw/StructureDefinition/cimi-core-Recorded-extension]]} {[]}
","","The person who entered the order on behalf of another individual for example in the case of a verbal or a telephone order.","","","","","","","","","",,,,,"",,,,"",0,null,"",""
"DomainResource.extension","signed","","",0,1,"","","","Extension {[CanonicalType[http://hl7.org/fhir/us/sw/StructureDefinition/cimi-core-Signed-extension]]} {[]}
","","Provenance information specific to the signing of the clinical statement.","","","","","","","","","",,,,,"",,,,"",0,null,"",""
"DomainResource.extension","additionaltext","","",0,1,"","","","Extension {[CanonicalType[http://hl7.org/fhir/us/sw/StructureDefinition/cimi-core-AdditionalText-extension]]} {[]}
","","A text note containing additional details, explanation, description, comment, or summarization. Details can discuss, support, explain changes to, or dispute information.","","","","","","","","","",,,,,"",,,,"",0,null,"",""
"DomainResource.extension","contextcode","","",0,1,"","","","Extension {[CanonicalType[http://hl7.org/fhir/us/sw/StructureDefinition/cimi-statement-ContextCode-extension]]} {[]}
","","Code representing the sense in which the statement is interpreted, for example, the degree of presence in a PresenceStatement.","","","","","","","","","",,,,,"",,,,"",0,null,"",""
"DomainResource.extension","statementtopic","","",0,1,"","","","Extension {[CanonicalType[http://hl7.org/fhir/us/sw/StructureDefinition/cimi-topic-StatementTopic-extension]]} {[]}
","","Compositional and reusable grouping of clinical statement attributes that make up the clinical focus of a statement.

StatementTopic class attributes are aligned with SNOMED CT Concept Model attributes when such an overlap exists. Note that this class does not include contextual attributes such as the nature of the action (ordered, proposed, planned, etc...), the nature of the patient state being described (e.g., present, suspected present, absent), and the attribution of this information (the who, when, where, how, why of the information recorded).","","","","","","","","","",,,,,"",,,,"",0,null,"",""
"DomainResource.extension","encounter","","",0,1,"","","","Extension {[CanonicalType[http://hl7.org/fhir/us/sw/StructureDefinition/cimi-encounter-Encounter-extension]]} {[]}
","","A description of an interaction between a patient and healthcare provider(s) for the purpose of providing healthcare service(s) or assessing the health status of a patient.","","","","","","","","","",,,,,"",,,,"",0,null,"",""
"DomainResource.extension","interpretation","","",0,1,"","","","Extension {[CanonicalType[http://hl7.org/fhir/us/sw/StructureDefinition/cimi-statement-Interpretation-extension]]} {[]}
","","A clinical interpretation of a finding (applies to both assertions and observation).","","","","","","","","","",,,,,"",,,,"",0,null,"",""
"DomainResource.extension","relevanttime","","",0,1,"","","","Extension {[CanonicalType[http://hl7.org/fhir/us/sw/StructureDefinition/cimi-statement-RelevantTime-extension]]} {[]}
","","The time or time period that the finding addresses.
The clinically relevant time is not necessarily when the information is gathered or when a test is carried out, but for example, when a specimen was collected, or the time period referred to by the question. Use a TimePeriod for a measurement or specimen collection continued over a significant period of time (e.g. 24 hour Urine Sodium).","","","","","","","","","",,,,,"",,,,"",0,null,"",""
"DomainResource.extension","findingmethod","","",0,1,"","","","Extension {[CanonicalType[http://hl7.org/fhir/us/sw/StructureDefinition/cimi-statement-FindingMethod-extension]]} {[]}
","","The technique used to create the finding, for example, the specific imaging technical, lab test code, or assessment vehicle.","","","","","","","","","",,,,,"",,,,"",0,null,"",""
"DomainResource.extension","media","","",0,*,"","","","Extension {[CanonicalType[http://hl7.org/fhir/us/sw/StructureDefinition/cimi-datatypes-Media-extension]]} {[]}
","","A file that contains audio, video, image, or similar content.","","","","","","","","","",,,,,"",,,,"",0,null,"",""
"DomainResource.modifierExtension","","extensions
user content","",0,*,"","Y","","Extension {[]} {[]}
","Extensions that cannot be ignored","May be used to represent additional information that is not part of the basic definition of the resource, and that modifies the understanding of the element that contains it. Usually modifier elements provide negation or qualification. In order to make the use of extensions safe and manageable, there is a strict set of governance applied to the definition and use of extensions. Though any implementer is allowed to define an extension, there is a set of requirements that SHALL be met as part of the definition of the extension. Applications processing a resource are required to check for modifier extensions.","There can be no stigma associated with the use of extensions by any application, project, or standard - regardless of the institution or jurisdiction that uses or defines the extensions.  The use of extensions is what allows the FHIR specification to retain a core level of simplicity for everyone.","","","","","","","","",,,,,"","value:url}
","Extensions are always sliced by (at least) url",,"open","",0,null,"","","N/A"
