"Path","Slice Name","Alias(s)","Label","Min","Max","Must Support?","Is Modifier?","Is Summary?","Type(s)","Short","Definition","Comments","Requirements","Default Value","Meaning When Missing","Fixed Value","Pattern","Example","Minimum Value","Maximum Value","Maximum Length","Binding Strength","Binding Description","Binding Value Set","Code","Slicing Discriminator","Slicing Description","Slicing Ordered","Slicing Rules","Base Path","Base Min","Base Max","Condition(s)","Constraint(s)"
"cimi-entity-MedicationIngredient-model","","","",0,*,"","","","","","Specifies an material component in a medication.","","","","","","","","","",,,,,"",,,,"cimi-entity-MedicationIngredient-model",0,*,"",""
"cimi-entity-MedicationIngredient-model.value[x]","","","",1,1,"","","","Coding {[]} {[]}
Reference {[]} {[CanonicalType[http://hl7.org/fhir/us/sw/StructureDefinition/cimi-entity-Substance-model], CanonicalType[http://hl7.org/fhir/us/sw/StructureDefinition/cimi-entity-Medication-model]]}","Choice of types representing specifies an material component in a medication.","Choice of types representing specifies an material component in a medication.","","","","","","","","","",,,,,"",,,,"cimi-entity-MedicationIngredient-model.value[x]",1,1,"",""
"cimi-entity-MedicationIngredient-model.ingredientAmount","","","",1,1,"","","","http://hl7.org/fhir/us/sw/StructureDefinition/shr-core-Ratio-model {[]} {[]}
","The amount of an ingredient in a mixture, as a ratio. For example, 250 mg per tablet is expressed as a ratio where the numerator is 250mg and the denominator is 1 tablet.","The amount of an ingredient in a mixture, as a ratio. For example, 250 mg per tablet is expressed as a ratio where the numerator is 250mg and the denominator is 1 tablet.","","","","","","","","","",,,,,"http://ncimeta.nci.nih.gov#C0456603
",,,,"cimi-entity-MedicationIngredient-model.ingredientAmount",1,1,"",""
"cimi-entity-MedicationIngredient-model.isActiveIngredient","","","",1,1,"","","","boolean {[]} {[]}
","True if the ingredient is an active ingredient in the medication.","True if the ingredient is an active ingredient in the medication.","","","","","","","","","",,,,,"",,,,"cimi-entity-MedicationIngredient-model.isActiveIngredient",1,1,"",""
