"Path","Slice Name","Alias(s)","Label","Min","Max","Must Support?","Is Modifier?","Is Summary?","Type(s)","Short","Definition","Comments","Requirements","Default Value","Meaning When Missing","Fixed Value","Pattern","Example","Minimum Value","Maximum Value","Maximum Length","Binding Strength","Binding Description","Binding Value Set","Code","Slicing Discriminator","Slicing Description","Slicing Ordered","Slicing Rules","Base Path","Base Min","Base Max","Condition(s)","Constraint(s)"
"cimi-datatypes-Media-model","","","",0,*,"","","","","","A file that contains audio, video, image, or similar content.","","","","","","","","","",,,,,"",,,,"cimi-datatypes-Media-model",0,*,"",""
"cimi-datatypes-Media-model.binaryData","","","",0,1,"","","","base64Binary {[]} {[]}
","The data itself.","The data itself.","","","","","","","","","",,,,,"",,,,"cimi-datatypes-Media-model.binaryData",0,1,"",""
"cimi-datatypes-Media-model.contentType","","","",0,1,"","","","code {[]} {[]}
","Mime type of the content, with charset etc.","Mime type of the content, with charset etc.","","","","","","","","","",,,,,"",,,,"cimi-datatypes-Media-model.contentType",0,1,"",""
"cimi-datatypes-Media-model.language","","","",0,1,"","","","Coding {[]} {[]}
","A human language, spoken or written.","A human language, spoken or written.","","","","","","","","","",,"extensible","","http://hl7.org/fhir/ValueSet/languages","http://ncimeta.nci.nih.gov#C0023008
",,,,"cimi-datatypes-Media-model.language",0,1,"",""
"cimi-datatypes-Media-model.resourceLocation","","","",0,1,"","","","uri {[]} {[]}
","URI where data can be found.","URI where data can be found.","","","","","","","","","",,,,,"",,,,"cimi-datatypes-Media-model.resourceLocation",0,1,"",""
"cimi-datatypes-Media-model.resourceSize","","","",0,1,"","","","unsignedInt {[]} {[]}
","Number of bytes of content in the resource (if url provided)","Number of bytes of content in the resource (if url provided)","","","","","","","","","",,,,,"",,,,"cimi-datatypes-Media-model.resourceSize",0,1,"",""
"cimi-datatypes-Media-model.hash","","","",0,1,"","","","base64Binary {[]} {[]}
","A hash code of the data (sha-1, base64ed)","A hash code of the data (sha-1, base64ed)","","","","","","","","","",,,,,"",,,,"cimi-datatypes-Media-model.hash",0,1,"",""
"cimi-datatypes-Media-model.title","","","",0,1,"","","","string {[]} {[]}
","A distinguishing word or group of words naming an item.","A distinguishing word or group of words naming an item.","","","","","","","","","",,,,,"",,,,"cimi-datatypes-Media-model.title",0,1,"",""
"cimi-datatypes-Media-model.creationTime","","","",0,1,"","","","dateTime {[]} {[]}
","The point in time when the information was recorded in the system of record.","The point in time when the information was recorded in the system of record.","","","","","","","","","",,,,,"http://ncimeta.nci.nih.gov#C3669169
",,,,"cimi-datatypes-Media-model.creationTime",0,1,"",""
