"Path","Slice Name","Alias(s)","Label","Min","Max","Must Support?","Is Modifier?","Is Summary?","Type(s)","Short","Definition","Comments","Requirements","Default Value","Meaning When Missing","Fixed Value","Pattern","Example","Minimum Value","Maximum Value","Maximum Length","Binding Strength","Binding Description","Binding Value Set","Code","Slicing Discriminator","Slicing Description","Slicing Ordered","Slicing Rules","Base Path","Base Min","Base Max","Condition(s)","Constraint(s)"
"cimi-element-SignatureType-model","","","",0,*,"","","","","","Type of signature","","","","","","","","","",,,,,"",,,,"cimi-element-SignatureType-model",0,*,"",""
"cimi-element-SignatureType-model.value","","","",1,1,"","","","Coding {[]} {[]}
","Code representing type of signature","Code representing type of signature","","","","","","","","","",,,,,"http://ncimeta.nci.nih.gov#C0805701
",,,,"cimi-element-SignatureType-model.value",1,1,"",""
