"Path","Slice Name","Alias(s)","Label","Min","Max","Must Support?","Is Modifier?","Is Summary?","Type(s)","Short","Definition","Comments","Requirements","Default Value","Meaning When Missing","Fixed Value","Pattern","Example","Minimum Value","Maximum Value","Maximum Length","Binding Strength","Binding Description","Binding Value Set","Code","Slicing Discriminator","Slicing Description","Slicing Ordered","Slicing Rules","Base Path","Base Min","Base Max","Condition(s)","Constraint(s)"
"cimi-entity-Member-model","","","",0,*,"","","","","","A person or entity in a group.","","","","","","","","","",,,,,"",,,,"cimi-entity-Member-model",0,*,"",""
"cimi-entity-Member-model.value[x]","","","",1,1,"","","","Reference {[]} {[CanonicalType[http://hl7.org/fhir/us/sw/StructureDefinition/cimi-entity-Patient-model], CanonicalType[http://hl7.org/fhir/us/sw/StructureDefinition/cimi-entity-Practitioner-model], CanonicalType[http://hl7.org/fhir/us/sw/StructureDefinition/cimi-entity-Device-model], CanonicalType[http://hl7.org/fhir/us/sw/StructureDefinition/cimi-entity-Medication-model], CanonicalType[http://hl7.org/fhir/us/sw/StructureDefinition/cimi-entity-Substance-model]]}
","Choice of types representing a person or entity in a group.","Choice of types representing a person or entity in a group.","","","","","","","","","",,,,,"",,,,"cimi-entity-Member-model.value[x]",1,1,"",""
"cimi-entity-Member-model.participationPeriod","","","",0,1,"","","","http://hl7.org/fhir/us/sw/StructureDefinition/shr-core-TimePeriod-model {[]} {[]}
","The point in time or span of time the participant is involved.","The point in time or span of time the participant is involved.","","","","","","","","","",,,,,"http://ncimeta.nci.nih.gov#C1948053
",,,,"cimi-entity-Member-model.participationPeriod",0,1,"",""
"cimi-entity-Member-model.activeFlag","","","",1,1,"","","","boolean {[]} {[]}
","If the ActiveFlag is false, it indicates the record or item is no longer to be used and should generally be hidden for the user in the UI.","If the ActiveFlag is false, it indicates the record or item is no longer to be used and should generally be hidden for the user in the UI.","","","","","","","","","",,,,,"",,,,"cimi-entity-Member-model.activeFlag",1,1,"",""
