"Path","Slice Name","Alias(s)","Label","Min","Max","Must Support?","Is Modifier?","Is Summary?","Type(s)","Short","Definition","Comments","Requirements","Default Value","Meaning When Missing","Fixed Value","Pattern","Example","Minimum Value","Maximum Value","Maximum Length","Binding Strength","Binding Description","Binding Value Set","Code","Slicing Discriminator","Slicing Description","Slicing Ordered","Slicing Rules","Base Path","Base Min","Base Max","Condition(s)","Constraint(s)"
"cimi-entity-Patient-model","","","",0,*,"","","","","","A person in the role of a patient.","","","","","","","","","",,,,,"",,,,"cimi-entity-Patient-model",0,*,"",""
"cimi-entity-Patient-model.person","","","",1,1,"","","","Reference {[]} {[CanonicalType[http://hl7.org/fhir/us/sw/StructureDefinition/cimi-entity-Person-model]]}
","A person relevant to the health or social situation of the subject (including the person of record him or herself).","A person relevant to the health or social situation of the subject (including the person of record him or herself).","","","","","","","","","",,,,,"http://ncimeta.nci.nih.gov#C0027361
",,,,"cimi-entity-Patient-model.person",1,1,"",""
