"Path","Slice Name","Alias(s)","Label","Min","Max","Must Support?","Is Modifier?","Is Summary?","Type(s)","Short","Definition","Comments","Requirements","Default Value","Meaning When Missing","Fixed Value","Pattern","Example","Minimum Value","Maximum Value","Maximum Length","Binding Strength","Binding Description","Binding Value Set","Code","Slicing Discriminator","Slicing Description","Slicing Ordered","Slicing Rules","Base Path","Base Min","Base Max","Condition(s)","Constraint(s)"
"Extension","","","",0,*,"","","","","SW Attribution Extension","Information ascribing the record to a particular contributor or responsible person.","","","","","","","","","",,,,,"",,,,"Extension",0,1,"ele-1
","ele-1:All FHIR elements must have a @value or children {children().count() > id.count()}
ext-1:Must have either extensions or value[x], not both {extension.exists() != value.exists()}"
"Extension.id","","","",0,1,"","","","string {[]} {[]}
","xml:id (or equivalent in JSON)","unique id for the element within a resource (for internal references). This may be any string value that does not contain spaces.","","","","","","","","","",,,,,"",,,,"Element.id",0,1,"",""
"Extension.extension","","","",0,*,"","","","Extension {[]} {[]}
","Extension","An Extension","","","","","","","","","",,,,,"","value:url}
","",,"open","Element.extension",0,*,"",""
"Extension.extension","entityorrole","","",1,1,"","","","Extension {[CanonicalType[http://hl7.org/fhir/us/sw/StructureDefinition/cimi-entity-EntityOrRole-extension]]} {[]}
","","CIMI parent class for both Entity and Role.","","","","","","","","","",,,,,"",,,,"Extension.extension",0,1,"",""
"Extension.extension","recordedon","","",0,1,"","","","Extension {[CanonicalType[http://hl7.org/fhir/us/sw/StructureDefinition/cimi-core-RecordedOn-extension]]} {[]}
","","The time of the attribution action.","","","","","","","","","",,,,,"",,,,"Extension.extension",0,1,"",""
"Extension.extension","signature","","",0,1,"","","","Extension {[CanonicalType[http://hl7.org/fhir/us/sw/StructureDefinition/cimi-element-Signature-extension]]} {[]}
","","A digital Signature - XML DigSig, JWT, Graphical image of signature, etc.","","","","","","","","","",,,,,"",,,,"Extension.extension",0,1,"",""
"Extension.url","","","",1,1,"","","","uri {[]} {[]}
","identifies the meaning of the extension","Source of the definition for the extension code - a logical name or a URL.","The definition may point directly to a computable or human-readable definition of the extensibility codes, or it may be a logical URI as declared in some other specification. The definition SHALL be a URI for the Structure Definition defining the extension.","","","","<valueUri xmlns=""http://hl7.org/fhir"" value=""http://hl7.org/fhir/us/sw/StructureDefinition/cimi-core-Attribution-extension""/>","","","","",,,,,"",,,,"Extension.url",1,1,"",""
"Extension.value[x]","","","",0,0,"","","","base64Binary {[]} {[]}
boolean {[]} {[]}code {[]} {[]}date {[]} {[]}dateTime {[]} {[]}decimal {[]} {[]}id {[]} {[]}instant {[]} {[]}integer {[]} {[]}markdown {[]} {[]}oid {[]} {[]}positiveInt {[]} {[]}string {[]} {[]}time {[]} {[]}unsignedInt {[]} {[]}uri {[]} {[]}Address {[]} {[]}Age {[]} {[]}Annotation {[]} {[]}Attachment {[]} {[]}CodeableConcept {[]} {[]}Coding {[]} {[]}ContactPoint {[]} {[]}Count {[]} {[]}Distance {[]} {[]}Duration {[]} {[]}HumanName {[]} {[]}Identifier {[]} {[]}Money {[]} {[]}Period {[]} {[]}Quantity {[]} {[]}Range {[]} {[]}Ratio {[]} {[]}Reference {[]} {[]}SampledData {[]} {[]}Signature {[]} {[]}Timing {[]} {[]}Meta {[]} {[]}","Value of extension","Value of extension - may be a resource or one of a constrained set of the data types (see Extensibility in the spec for list).","","","","","","","","","",,,,,"",,,,"Extension.value[x]",0,1,"",""
