"Path","Slice Name","Alias(s)","Label","Min","Max","Must Support?","Is Modifier?","Is Summary?","Type(s)","Short","Definition","Comments","Requirements","Default Value","Meaning When Missing","Fixed Value","Pattern","Example","Minimum Value","Maximum Value","Maximum Length","Binding Strength","Binding Description","Binding Value Set","Code","Slicing Discriminator","Slicing Description","Slicing Ordered","Slicing Rules","Base Path","Base Min","Base Max","Condition(s)","Constraint(s)"
"cimi-element-AnatomicalLocation-model","","","",0,*,"","","","","","A location or structure in the body, including tissues, regions, cavities, and spaces; for example, right elbow, or left ventricle of the heart.","","","","","","","","","",,,,,"",,,,"cimi-element-AnatomicalLocation-model",0,*,"",""
"cimi-element-AnatomicalLocation-model.value","","","",1,1,"","","","Coding {[]} {[]}
","Code representing a location or structure in the body, including tissues, regions, cavities, and spaces; for example, right elbow, or left ventricle of the heart.","Code representing a location or structure in the body, including tissues, regions, cavities, and spaces; for example, right elbow, or left ventricle of the heart.","","","","","","","","","",,"required","","http://hl7.org/fhir/us/sw/ValueSet/cimi-element-AnatomicalLocationVS","",,,,"cimi-element-AnatomicalLocation-model.value",1,1,"",""
"cimi-element-AnatomicalLocation-model.laterality","","","",0,1,"","","","Coding {[]} {[]}
","Anatomical location or specimen further detailing the side(s) of interest.","Anatomical location or specimen further detailing the side(s) of interest.","","","","","","","","","",,"required","","http://hl7.org/fhir/ValueSet/bodysite-laterality","http://ncimeta.nci.nih.gov#C0925205 (Anatomical laterality)
",,,,"cimi-element-AnatomicalLocation-model.laterality",0,1,"",""
"cimi-element-AnatomicalLocation-model.anatomicalDirection","","","",0,1,"","","","Coding {[]} {[]}
","Anatomical location or specimen further detailing directionality.","Anatomical location or specimen further detailing directionality.","","","","","","","","","",,"required","","http://hl7.org/fhir/us/sw/ValueSet/cimi-element-AnatomicalDirectionVS","https://evs.nci.nih.gov/ftp1/CDISC/SDTM/#C99074
",,,,"cimi-element-AnatomicalLocation-model.anatomicalDirection",0,1,"",""
