"Path","Slice Name","Alias(s)","Label","Min","Max","Must Support?","Is Modifier?","Is Summary?","Type(s)","Short","Definition","Comments","Requirements","Default Value","Meaning When Missing","Fixed Value","Pattern","Example","Minimum Value","Maximum Value","Maximum Length","Binding Strength","Binding Description","Binding Value Set","Code","Slicing Discriminator","Slicing Description","Slicing Ordered","Slicing Rules","Base Path","Base Min","Base Max","Condition(s)","Constraint(s)"
"cimi-entity-CollectionSite-model","","","",0,*,"","","","","","The body site where specimen was collected","","","","","","","","","",,,,,"",,,,"cimi-entity-CollectionSite-model",0,*,"",""
"cimi-entity-CollectionSite-model.value","","","",1,1,"","","","http://hl7.org/fhir/us/sw/StructureDefinition/cimi-element-AnatomicalLocation-model {[]} {[]}
","AnatomicalLocation representing the body site where specimen was collected","AnatomicalLocation representing the body site where specimen was collected","","","","","","","","","",,,,,"http://loinc.org#72369-2
",,,,"cimi-entity-CollectionSite-model.value",1,1,"",""
