"Path","Slice Name","Alias(s)","Label","Min","Max","Must Support?","Is Modifier?","Is Summary?","Type(s)","Short","Definition","Comments","Requirements","Default Value","Meaning When Missing","Fixed Value","Pattern","Example","Minimum Value","Maximum Value","Maximum Length","Binding Strength","Binding Description","Binding Value Set","Code","Slicing Discriminator","Slicing Description","Slicing Ordered","Slicing Rules","Base Path","Base Min","Base Max","Condition(s)","Constraint(s)"
"cimi-entity-AccessionIdentifier-model","","","",0,*,"","","","","","Identifier assigned by the lab","","","","","","","","","",,,,,"",,,,"cimi-entity-AccessionIdentifier-model",0,*,"",""
"cimi-entity-AccessionIdentifier-model.value","","","",1,1,"","","","string {[]} {[]}
","String representing identifier assigned by the lab","String representing identifier assigned by the lab","","","","","","","","","",,,,,"",,,,"cimi-entity-AccessionIdentifier-model.value",1,1,"",""
"cimi-entity-AccessionIdentifier-model.purpose","","","",0,1,"","","","Coding {[]} {[]}
","Why the item is used.","Why the item is used.","","","","","","","","","",,"required","","http://hl7.org/fhir/ValueSet/identifier-use","http://ncimeta.nci.nih.gov#C0805701
",,,,"cimi-entity-AccessionIdentifier-model.purpose",0,1,"",""
"cimi-entity-AccessionIdentifier-model.type","","","",0,1,"","","","Coding {[]} {[]}
","The most specific code (lowest level term) describing the kind or sort of thing being represented.","The most specific code (lowest level term) describing the kind or sort of thing being represented.","","","","","","","","","",,"extensible","","http://hl7.org/fhir/ValueSet/identifier-type","http://ncimeta.nci.nih.gov#C0332307
",,,,"cimi-entity-AccessionIdentifier-model.type",0,1,"",""
"cimi-entity-AccessionIdentifier-model.codeSystem","","","",0,1,"","","","uri {[]} {[]}
","A formal terminology system.","A formal terminology system.","","","","","","","","","",,,,,"",,,,"cimi-entity-AccessionIdentifier-model.codeSystem",0,1,"",""
"cimi-entity-AccessionIdentifier-model.effectiveTimePeriod","","","",0,1,"","","","http://hl7.org/fhir/us/sw/StructureDefinition/shr-core-EffectiveTimePeriod-model {[]} {[]}
","The date and time span for which something is active, valid, or in force.","The date and time span for which something is active, valid, or in force.","","","","","","","","","",,,,,"http://ncimeta.nci.nih.gov#C2985763
",,,,"cimi-entity-AccessionIdentifier-model.effectiveTimePeriod",0,1,"",""
"cimi-entity-AccessionIdentifier-model.issuer","","","",0,1,"","","","Reference {[]} {[CanonicalType[http://hl7.org/fhir/us/sw/StructureDefinition/cimi-entity-Organization-model]]}
","An organization who issues a qualification, identifier, or license.","An organization who issues a qualification, identifier, or license.","","","","","","","","","",,,,,"http://ncimeta.nci.nih.gov#C1561598
",,,,"cimi-entity-AccessionIdentifier-model.issuer",0,1,"",""
