"Path","Slice Name","Alias(s)","Label","Min","Max","Must Support?","Is Modifier?","Is Summary?","Type(s)","Short","Definition","Comments","Requirements","Default Value","Meaning When Missing","Fixed Value","Pattern","Example","Minimum Value","Maximum Value","Maximum Length","Binding Strength","Binding Description","Binding Value Set","Code","Slicing Discriminator","Slicing Description","Slicing Ordered","Slicing Rules","Base Path","Base Min","Base Max","Condition(s)","Constraint(s)"
"cimi-statement-Stage-model","","","",0,*,"","","","","","The relative advancement in the course of a disease. The value is the summary stage or stage group. StageDetail optionally contains the full staging information.","","","","","","","","","",,,,,"",,,,"cimi-statement-Stage-model",0,*,"",""
"cimi-statement-Stage-model.value","","","",1,1,"","","","Coding {[]} {[]}
","Code representing the relative advancement in the course of a disease. The value is the summary stage or stage group. StageDetail optionally contains the full staging information.","Code representing the relative advancement in the course of a disease. The value is the summary stage or stage group. StageDetail optionally contains the full staging information.","","","","","","","","","",,,,,"",,,,"cimi-statement-Stage-model.value",1,1,"",""
"cimi-statement-Stage-model.stageDetail","","","",0,1,"","","","Reference {[]} {[CanonicalType[http://hl7.org/fhir/us/sw/StructureDefinition/cimi-statement-Observation-model]]}
","The full staging information","The full staging information","","","","","","","","","",,,,,"",,,,"cimi-statement-Stage-model.stageDetail",0,1,"",""
