"Path","Slice Name","Alias(s)","Label","Min","Max","Must Support?","Is Modifier?","Is Summary?","Type(s)","Short","Definition","Comments","Requirements","Default Value","Meaning When Missing","Fixed Value","Pattern","Example","Minimum Value","Maximum Value","Maximum Length","Binding Strength","Binding Description","Binding Value Set","Code","Slicing Discriminator","Slicing Description","Slicing Ordered","Slicing Rules","Base Path","Base Min","Base Max","Condition(s)","Constraint(s)"
"cimi-core-PersonOfRecord-model","","","",0,*,"","","","","","The person this entry belongs to.","","","","","","","","","",,,,,"",,,,"cimi-core-PersonOfRecord-model",0,*,"",""
"cimi-core-PersonOfRecord-model.value","","","",1,1,"","","","Reference {[]} {[CanonicalType[http://hl7.org/fhir/us/sw/StructureDefinition/cimi-entity-Person-model]]}
","Person representing the person this entry belongs to.","Person representing the person this entry belongs to.","","","","","","","","","",,,,,"http://ncimeta.nci.nih.gov#C0027361
",,,,"cimi-core-PersonOfRecord-model.value",1,1,"",""
