"Path","Slice Name","Alias(s)","Label","Min","Max","Must Support?","Is Modifier?","Is Summary?","Type(s)","Short","Definition","Comments","Requirements","Default Value","Meaning When Missing","Fixed Value","Pattern","Example","Minimum Value","Maximum Value","Maximum Length","Binding Strength","Binding Description","Binding Value Set","Code","Slicing Discriminator","Slicing Description","Slicing Ordered","Slicing Rules","Base Path","Base Min","Base Max","Condition(s)","Constraint(s)","Mapping: RIM Mapping","Mapping: W5 Mapping"
"Group","","","",0,*,"","","","","SW Group Profile","A set of entities (personnel, material, or places) to be considered together. May be a pool of like-type resources, a team, or combination of personnel, material and places.","","","","","","","","","",,,,,"",,,,"",0,null,"","dom-2:If the resource is contained in another resource, it SHALL NOT contain nested Resources {contained.contained.empty()}
dom-1:If the resource is contained in another resource, it SHALL NOT contain any narrative {contained.text.empty()}dom-4:If a resource is contained in another resource, it SHALL NOT have a meta.versionId or a meta.lastUpdated {contained.meta.versionId.empty() and contained.meta.lastUpdated.empty()}dom-3:If the resource is contained in another resource, it SHALL be referred to from elsewhere in the resource {contained.where(('#'+id in %resource.descendants().reference).not()).empty()}grp-1:Can only have members if group is ""actual"" {member.empty() or (actual = true)}","Entity. Role, or Act","Entity[determinerCode=""GRP"" or determinerCode=""GRP_KIND""]","administrative.group"
"Group.id","","","",0,1,"","","Y","id {[]} {[]}
","Logical id of this artifact","The logical id of the resource, as used in the URL for the resource. Once assigned, this value never changes.","The only time that a resource does not have an id is when it is being submitted to the server using a create operation.","","","","","","","","",,,,,"",,,,"Resource.id",0,1,"",""
"Group.meta","","","",0,1,"","","Y","Meta {[]} {[]}
","Metadata about the resource","The metadata about the resource. This is content that is maintained by the infrastructure. Changes to the content may not always be associated with version changes to the resource.","","","","","","","","","",,,,,"",,,,"Resource.meta",0,1,"",""
"Group.implicitRules","","","",0,1,"","Y","Y","uri {[]} {[]}
","A set of rules under which this content was created","A reference to a set of rules that were followed when the resource was constructed, and which must be understood when processing the content.","Asserting this rule set restricts the content to be only understood by a limited set of trading partners. This inherently limits the usefulness of the data in the long term. However, the existing health eco-system is highly fractured, and not yet ready to define, collect, and exchange data in a generally computable sense. Wherever possible, implementers and/or specification writers should avoid using this element. 

This element is labelled as a modifier because the implicit rules may provide additional knowledge about the resource that modifies it's meaning or interpretation.","","","","","","","","",,,,,"",,,,"Resource.implicitRules",0,1,"",""
"Group.language","","","",0,1,"","","","code {[]} {[]}
","Language of the resource content","The base language in which the resource is written.","Language is provided to support indexing and accessibility (typically, services such as text to speech use the language tag). The html language tag in the narrative applies  to the narrative. The language tag on the resource may be used to specify the language of other presentations generated from the data in the resource  Not all the content has to be in the base language. The Resource.language should not be assumed to apply to the narrative automatically. If a language is specified, it should it also be specified on the div element in the html (see rules in HTML5 for information about the relationship between xml:lang and the html lang attribute).","","","","","","","","",,"extensible","A human language.","http://hl7.org/fhir/ValueSet/languages","",,,,"Resource.language",0,1,"",""
"Group.text","","narrative
htmlxhtmldisplay","",0,1,"","","","Narrative {[]} {[]}
","Text summary of the resource, for human interpretation","A human-readable narrative that contains a summary of the resource, and may be used to represent the content of the resource to a human. The narrative need not encode all the structured data, but is required to contain sufficient detail to make it ""clinically safe"" for a human to just read the narrative. Resource definitions may define what content should be represented in the narrative to ensure clinical safety.","Contained resources do not have narrative. Resources that are not contained SHOULD have a narrative. In some cases, a resource may only have text with little or no additional discrete data (as long as all minOccurs=1 elements are satisfied).  This may be necessary for data from legacy systems where information is captured as a ""text blob"" or where text is additionally entered raw or narrated and encoded in formation is added later.","","","","","","","","",,,,,"",,,,"DomainResource.text",0,1,"dom-1
","","Act.text?"
"Group.contained","","inline resources
anonymous resourcescontained resources","",0,*,"","","","Resource {[]} {[]}
","Contained, inline Resources","These resources do not have an independent existence apart from the resource that contains them - they cannot be identified independently, and nor can they have their own independent transaction scope.","This should never be done when the content can be identified properly, as once identification is lost, it is extremely difficult (and context dependent) to restore it again.","","","","","","","","",,,,,"",,,,"DomainResource.contained",0,*,"","","N/A"
"Group.extension","","extensions
user content","",0,*,"","","","Extension {[]} {[]}
","Additional Content defined by implementations","May be used to represent additional information that is not part of the basic definition of the resource. In order to make the use of extensions safe and manageable, there is a strict set of governance  applied to the definition and use of extensions. Though any implementer is allowed to define an extension, there is a set of requirements that SHALL be met as part of the definition of the extension.","There can be no stigma associated with the use of extensions by any application, project, or standard - regardless of the institution or jurisdiction that uses or defines the extensions.  The use of extensions is what allows the FHIR specification to retain a core level of simplicity for everyone.","","","","","","","","",,,,,"",,,,"DomainResource.extension",0,*,"","","N/A"
"Group.modifierExtension","","extensions
user content","",0,*,"","Y","","Extension {[]} {[]}
","Extensions that cannot be ignored","May be used to represent additional information that is not part of the basic definition of the resource, and that modifies the understanding of the element that contains it. Usually modifier elements provide negation or qualification. In order to make the use of extensions safe and manageable, there is a strict set of governance applied to the definition and use of extensions. Though any implementer is allowed to define an extension, there is a set of requirements that SHALL be met as part of the definition of the extension. Applications processing a resource are required to check for modifier extensions.","There can be no stigma associated with the use of extensions by any application, project, or standard - regardless of the institution or jurisdiction that uses or defines the extensions.  The use of extensions is what allows the FHIR specification to retain a core level of simplicity for everyone.","","","","","","","","",,,,,"",,,,"DomainResource.modifierExtension",0,*,"","","N/A"
"Group.identifier","","","",0,*,"","","Y","Identifier {[]} {[]}
","Unique id","A unique business identifier for this group.","","Allows the group to be referenced from external specifications.","","","","","","","",,,,,"",,,,"",0,null,"","","unique(./id[displayable=""true"" and scope=""OBJ""])","id"
"Group.active","","","",0,1,"","","Y","boolean {[]} {[]}
","Whether this group's record is in active use","Indicates whether the record for the group is available for use or is merely being retained for historical purposes.","","Need to be able to mark a group record as not to be used because it was created in error or is otherwise no longer available (e.g. a herd that no longer exists).","<valueBoolean xmlns=""http://hl7.org/fhir"" value=""true""/>","","","","","","",,,,,"",,,,"",0,null,"","","./statusCode","status"
"Group.type","","","",1,1,"","","Y","code {[]} {[]}
","person | animal | practitioner | device | medication | substance","Identifies the broad classification of the kind of resources the group includes.","Group members SHALL be of the appropriate resource type (Patient for person or animal; or Practitioner, Device, Medicaiton or Substance for the other types.).","Identifies what type of resources the group is made up of.","","","","","","","",,"required","Types of resources that are part of group","http://hl7.org/fhir/ValueSet/group-type","",,,,"",0,null,"","","person: ./classCode=""PSN""  animal: ./classCode=""ANM""  device: ./classCode=""DEV""  medication: ./classCode=""MMAT"" and ./playedRole[isNormalRole() and classCode=""THER""]  food: ./classCode=""FOOD""","class"
"Group.actual","","","",1,1,"","","Y","boolean {[]} {[]}
","Descriptive or actual","If true, indicates that the resource refers to a specific group of real individuals.  If false, the group defines a set of intended individuals.","","There are use-cases for groups that define specific collections of individuals, and other groups that define ""types"" of intended individuals.  The requirements for both kinds of groups are similar, so we use a single resource, distinguished by this flag.","","","","","","","",,,,,"",,,,"",0,null,"grp-1
","","true: ./determinerCode=""GRP""  false: ./determinerCode=""GRP_KIND""","class"
"Group.code","","","",0,0,"","","Y","CodeableConcept {[]} {[]}
","Kind of Group members","Provides a specific type of resource the group includes; e.g. ""cow"", ""syringe"", etc.","This would generally be omitted for Person resources.","","","","","","","","",,"example","Kind of particular resource; e.g. cow, syringe, lake, etc.","","",,,,"",0,null,"","","./code","what"
"Group.name","","","",0,1,"","","Y","string {[]} {[]}
","Label for Group","A label assigned to the group for human identification and communication.","","Used to identify the group in human communication.","","","","","","","",,,,,"",,,,"",0,null,"","","./name[type=""ST""]"
"Group.quantity","","","",0,1,"","","Y","unsignedInt {[]} {[]}
","Number of members","A count of the number of resource instances that are part of the group.","Note that the quantity may be less than the number of members if some of the members are not active.","Group size is a common defining characteristic.","","","","","","","",,,,,"",,,,"",0,null,"","","./quantity"
"Group.characteristic","","","",0,*,"","","","BackboneElement {[]} {[]}
","Trait of group members","Identifies the traits shared by members of the group.","All the identified characteristics must be true for an entity to a member of the group.","Needs to be a generic mechanism for identifying what individuals can be part of a group.","","","","","","","",,,,,"",,,,"",0,null,"","ele-1:All FHIR elements must have a @value or children {hasValue() | (children().count() > id.count())}
","./playedRole[isNormalRole()]/participation[isNormalParticipation() and typeCode=""SBJ""]/act[isNormalAct and classCode=""OBS"" and moodCode=""EVN""]"
"Group.characteristic.id","","","",0,1,"","","","string {[]} {[]}
","xml:id (or equivalent in JSON)","unique id for the element within a resource (for internal references). This may be any string value that does not contain spaces.","","","","","","","","","",,,,,"",,,,"Element.id",0,1,"","","n/a"
"Group.characteristic.extension","","extensions
user content","",0,*,"","","","Extension {[]} {[]}
","Additional Content defined by implementations","May be used to represent additional information that is not part of the basic definition of the element. In order to make the use of extensions safe and manageable, there is a strict set of governance  applied to the definition and use of extensions. Though any implementer is allowed to define an extension, there is a set of requirements that SHALL be met as part of the definition of the extension.","There can be no stigma associated with the use of extensions by any application, project, or standard - regardless of the institution or jurisdiction that uses or defines the extensions.  The use of extensions is what allows the FHIR specification to retain a core level of simplicity for everyone.","","","","","","","","",,,,,"",,,,"Element.extension",0,*,"","","n/a"
"Group.characteristic.modifierExtension","","extensions
user contentmodifiers","",0,*,"","Y","Y","Extension {[]} {[]}
","Extensions that cannot be ignored","May be used to represent additional information that is not part of the basic definition of the element, and that modifies the understanding of the element that contains it. Usually modifier elements provide negation or qualification. In order to make the use of extensions safe and manageable, there is a strict set of governance applied to the definition and use of extensions. Though any implementer is allowed to define an extension, there is a set of requirements that SHALL be met as part of the definition of the extension. Applications processing a resource are required to check for modifier extensions.","There can be no stigma associated with the use of extensions by any application, project, or standard - regardless of the institution or jurisdiction that uses or defines the extensions.  The use of extensions is what allows the FHIR specification to retain a core level of simplicity for everyone.","","","","","","","","",,,,,"",,,,"BackboneElement.modifierExtension",0,*,"","","N/A"
"Group.characteristic.code","","","",1,1,"","","","CodeableConcept {[]} {[]}
","Kind of characteristic","A code that identifies the kind of trait being asserted.","","Need a formal way of identifying the characteristic being described.","","","","","","","",,"example","List of characteristics used to describe group members; e.g. gender, age, owner, location, etc.","","",,,,"",0,null,"","","./code"
"Group.characteristic.value[x]","","","",1,1,"","","","boolean {[]} {[]}
Quantity {[]} {[]}Range {[]} {[]}","Value held by characteristic","The value of the trait that holds (or does not hold - see 'exclude') for members of the group.","For Range, it means members of the group have a value that falls somewhere within the specified range.","The value of the characteristic is what determines group membership.","","","","","","","",,"example","Value of descriptive member characteristic; e.g. red, male, pneumonia, Caucasian, etc.","","",,,,"",0,null,"","","./value"
"Group.characteristic.exclude","","","",1,1,"","Y","","boolean {[]} {[]}
","Group includes or excludes","If true, indicates the characteristic is one that is NOT held by members of the group.","This is labeled as ""Is Modifier"" because applications cannot wrongly include excluded members as included or vice versa.","Sometimes group membership is determined by characteristics not possessed.","","","","","","","",,,,,"",,,,"",0,null,"","","./valueNegationInd"
"Group.characteristic.period","","","",0,1,"","","","Period {[]} {[]}
","Period over which characteristic is tested","The period over which the characteristic is tested; e.g. the patient had an operation during the month of June.","","","","","","","","","",,,,,"",,,,"",0,null,"",""
"Group.member","","","",0,*,"","","","BackboneElement {[]} {[]}
","Who or what is in group","Identifies the resource instances that are members of the group.","","Often the only thing of interest about a group is ""who's in it"".","","","","","","","",,,,,"",,,,"",0,null,"grp-1
","ele-1:All FHIR elements must have a @value or children {hasValue() | (children().count() > id.count())}
","./scopedRole[isNormalRole() and classCode=""MBR""]/player"
"Group.member.id","","","",0,1,"","","","string {[]} {[]}
","xml:id (or equivalent in JSON)","unique id for the element within a resource (for internal references). This may be any string value that does not contain spaces.","","","","","","","","","",,,,,"",,,,"Element.id",0,1,"","","n/a"
"Group.member.extension","","extensions
user content","",0,*,"","","","Extension {[]} {[]}
","Additional Content defined by implementations","May be used to represent additional information that is not part of the basic definition of the element. In order to make the use of extensions safe and manageable, there is a strict set of governance  applied to the definition and use of extensions. Though any implementer is allowed to define an extension, there is a set of requirements that SHALL be met as part of the definition of the extension.","There can be no stigma associated with the use of extensions by any application, project, or standard - regardless of the institution or jurisdiction that uses or defines the extensions.  The use of extensions is what allows the FHIR specification to retain a core level of simplicity for everyone.","","","","","","","","",,,,,"",,,,"Element.extension",0,*,"","","n/a"
"Group.member.modifierExtension","","extensions
user contentmodifiers","",0,*,"","Y","Y","Extension {[]} {[]}
","Extensions that cannot be ignored","May be used to represent additional information that is not part of the basic definition of the element, and that modifies the understanding of the element that contains it. Usually modifier elements provide negation or qualification. In order to make the use of extensions safe and manageable, there is a strict set of governance applied to the definition and use of extensions. Though any implementer is allowed to define an extension, there is a set of requirements that SHALL be met as part of the definition of the extension. Applications processing a resource are required to check for modifier extensions.","There can be no stigma associated with the use of extensions by any application, project, or standard - regardless of the institution or jurisdiction that uses or defines the extensions.  The use of extensions is what allows the FHIR specification to retain a core level of simplicity for everyone.","","","","","","","","",,,,,"",,,,"BackboneElement.modifierExtension",0,*,"","","N/A"
"Group.member.entity","","","",1,1,"","","","Reference {[]} {[CanonicalType[http://hl7.org/fhir/us/core/StructureDefinition/us-core-patient], CanonicalType[http://hl7.org/fhir/us/sw/StructureDefinition/cimi-entity-Practitioner], CanonicalType[http://hl7.org/fhir/us/sw/StructureDefinition/cimi-entity-Device], CanonicalType[http://hl7.org/fhir/us/sw/StructureDefinition/cimi-entity-Medication], CanonicalType[http://hl7.org/fhir/us/sw/StructureDefinition/cimi-entity-Substance]]}
","Reference to the group member","A reference to the entity that is a member of the group. Must be consistent with Group.type.","","","","","","","","","",,,,,"",,,,"",0,null,"",""
"Group.member.period","","","",0,1,"","","","Period {[]} {[]}
","Period member belonged to the group","The period that the member was in the group, if known.","","Need to track who was in a group at a  particular time.","","The member is in the group at this time","","","","","",,,,,"",,,,"",0,null,"",""
"Group.member.inactive","","","",0,1,"","","","boolean {[]} {[]}
","If member is no longer in group","A flag to indicate that the member is no longer in the group, but previously may have been a member.","","Sometimes you don't know when someone stopped being in a group, but not when.","<valueBoolean xmlns=""http://hl7.org/fhir"" value=""false""/>","","","","","","",,,,,"",,,,"",0,null,"",""
