"Path","Slice Name","Alias(s)","Label","Min","Max","Must Support?","Is Modifier?","Is Summary?","Type(s)","Short","Definition","Comments","Requirements","Default Value","Meaning When Missing","Fixed Value","Pattern","Example","Minimum Value","Maximum Value","Maximum Length","Binding Strength","Binding Description","Binding Value Set","Code","Slicing Discriminator","Slicing Description","Slicing Ordered","Slicing Rules","Base Path","Base Min","Base Max","Condition(s)","Constraint(s)"
"shr-core-Address-model","","","",0,*,"","","","","","An address expressed using postal conventions (as opposed to GPS or other location definition formats). This data type may be used to convey addresses for use in delivering mail as well as for visiting locations and which might not be valid for mail delivery. There are a variety of postal address formats defined around the world. (Source: HL7 FHIR).","","","","","","","","","",,,,,"",,,,"shr-core-Address-model",0,*,"",""
"shr-core-Address-model.purpose","","","",0,1,"","","","Coding {[]} {[]}
","Why the item is used.","Why the item is used.","","","","","","","","","",,"required","","http://hl7.org/fhir/ValueSet/address-use","http://ncimeta.nci.nih.gov#C0805701
",,,,"shr-core-Address-model.purpose",0,1,"",""
"shr-core-Address-model.type","","","",0,1,"","","","Coding {[]} {[]}
","The most specific code (lowest level term) describing the kind or sort of thing being represented.","The most specific code (lowest level term) describing the kind or sort of thing being represented.","","","","","","","","","",,"required","","http://hl7.org/fhir/ValueSet/address-type","http://ncimeta.nci.nih.gov#C0332307
",,,,"shr-core-Address-model.type",0,1,"",""
"shr-core-Address-model.displayText","","","",0,1,"","","","string {[]} {[]}
","A string meant for reading by a person, for example, accompanying a code.","A string meant for reading by a person, for example, accompanying a code.","","","","","","","","","",,,,,"http://ncimeta.nci.nih.gov#C1548311
",,,,"shr-core-Address-model.displayText",0,1,"",""
"shr-core-Address-model.addressLine","","","",0,*,"","","","string {[]} {[]}
","Part of an address that contains the house number, apartment number, street name, street direction, P.O. Box number, delivery hints, and similar address information. (Source: HL7 FHIR).","Part of an address that contains the house number, apartment number, street name, street direction, P.O. Box number, delivery hints, and similar address information. (Source: HL7 FHIR).","","","","","","","","","",,,,,"",,,,"shr-core-Address-model.addressLine",0,*,"",""
"shr-core-Address-model.city","","","",0,1,"","","","string {[]} {[]}
","The name of a municipality, city, town, village or other community or delivery center. (Source: HL7 FHIR).","The name of a municipality, city, town, village or other community or delivery center. (Source: HL7 FHIR).","","","","","","","","","",,,,,"http://ncimeta.nci.nih.gov#C1555315
",,,,"shr-core-Address-model.city",0,1,"",""
"shr-core-Address-model.district","","","",0,1,"","","","string {[]} {[]}
","The name of the administrative area at a level below that of a state but above that of a city or town. In the US, a county. Outside the US, a district or the equivalent. (Source: HL7 FHIR).","The name of the administrative area at a level below that of a state but above that of a city or town. In the US, a county. Outside the US, a district or the equivalent. (Source: HL7 FHIR).","","","","","","","","","",,,,,"http://ncimeta.nci.nih.gov#C0079170
",,,,"shr-core-Address-model.district",0,1,"",""
"shr-core-Address-model.state","","","",0,1,"","","","string {[]} {[]}
","Sub-unit of a country with limited sovereignty in a federally organized country. A code may be used if codes are in common use (i.e. US 2 letter state codes). (Source: HL7 FHIR).","Sub-unit of a country with limited sovereignty in a federally organized country. A code may be used if codes are in common use (i.e. US 2 letter state codes). (Source: HL7 FHIR).","","","","","","","","","",,,,,"http://ncimeta.nci.nih.gov#C1552743
",,,,"shr-core-Address-model.state",0,1,"",""
"shr-core-Address-model.postalCode","","","",0,1,"","","","string {[]} {[]}
","A sequence of letters and digits used as part of a postal address, often designating a geographic region","A sequence of letters and digits used as part of a postal address, often designating a geographic region","","","","","","","","","",,,,,"http://ncimeta.nci.nih.gov#C1514254
",,,,"shr-core-Address-model.postalCode",0,1,"",""
"shr-core-Address-model.country","","","",0,1,"","","","string {[]} {[]}
","Country - a nation as commonly understood or generally accepted, expressed in ISO 3166 Alpha-2 (2-letter) codes.","Country - a nation as commonly understood or generally accepted, expressed in ISO 3166 Alpha-2 (2-letter) codes.","","","","","","","","","",,,,,"http://ncimeta.nci.nih.gov#C0454664
",,,,"shr-core-Address-model.country",0,1,"",""
"shr-core-Address-model.effectiveTimePeriod","","","",0,1,"","","","http://hl7.org/fhir/us/sw/StructureDefinition/shr-core-EffectiveTimePeriod-model {[]} {[]}
","The date and time span for which something is active, valid, or in force.","The date and time span for which something is active, valid, or in force.","","","","","","","","","",,,,,"http://ncimeta.nci.nih.gov#C2985763
",,,,"shr-core-Address-model.effectiveTimePeriod",0,1,"",""
