"Path","Slice Name","Alias(s)","Label","Min","Max","Must Support?","Is Modifier?","Is Summary?","Type(s)","Short","Definition","Comments","Requirements","Default Value","Meaning When Missing","Fixed Value","Pattern","Example","Minimum Value","Maximum Value","Maximum Length","Binding Strength","Binding Description","Binding Value Set","Code","Slicing Discriminator","Slicing Description","Slicing Ordered","Slicing Rules","Base Path","Base Min","Base Max","Condition(s)","Constraint(s)"
"shr-core-Purpose-model","","","",0,*,"","","","","","Why the item is used.","","","","","","","","","",,,,,"",,,,"shr-core-Purpose-model",0,*,"",""
"shr-core-Purpose-model.value","","","",1,1,"","","","Coding {[]} {[]}
","Code representing why the item is used.","Code representing why the item is used.","","","","","","","","","",,,,,"http://ncimeta.nci.nih.gov#C0805701
",,,,"shr-core-Purpose-model.value",1,1,"",""
