{
  "resourceType": "StructureDefinition",
  "id": "sw-WoundExudateAmount-model",
  "text": {
    "status": "generated",
    "div": "<div xmlns=\"http://www.w3.org/1999/xhtml\">\n  <p><b>SW WoundExudateAmount Logical Model</b></p>\n  <p>Drainage amount of wound</p>\n</div>"
  },
  "url": "http://hl7.org/fhir/us/sw/StructureDefinition/sw-WoundExudateAmount-model",
  "identifier": [
    {
      "system": "http://hl7.org/fhir/us/sw",
      "value": "sw.WoundExudateAmount"
    }
  ],
  "version": "1.0.0",
  "name": "WoundExudateAmountModel",
  "title": "SW WoundExudateAmount Logical Model",
  "status": "draft",
  "date": "2018-08-17T00:00:00-04:00",
  "publisher": "HL7 Patient Care and Clinical Information Modeling Initiative Work Groups",
  "contact": [
    {
      "telecom": [
        {
          "system": "url",
          "value": "http://standardhealthrecord.org"
        }
      ]
    }
  ],
  "description": "Drainage amount of wound",
  "keyword": [
    {
      "system": "http://loinc.org",
      "code": "39116-9"
    }
  ],
  "kind": "logical",
  "abstract": false,
  "type": "sw-WoundExudateAmount-model",
  "baseDefinition": "http://hl7.org/fhir/StructureDefinition/Element",
  "derivation": "specialization",
  "snapshot": {
    "element": [
      {
        "id": "sw-WoundExudateAmount-model",
        "path": "sw-WoundExudateAmount-model",
        "definition": "Drainage amount of wound",
        "min": 0,
        "max": "*",
        "base": {
          "path": "sw-WoundExudateAmount-model",
          "min": 0,
          "max": "*"
        },
        "mustSupport": false,
        "isModifier": false,
        "isSummary": false
      },
      {
        "id": "sw-WoundExudateAmount-model.findingStatus",
        "path": "sw-WoundExudateAmount-model.findingStatus",
        "short": "Indicates whether the finding is preliminary, amended, final, etc.",
        "definition": "Indicates whether the finding is preliminary, amended, final, etc.",
        "min": 1,
        "max": "1",
        "base": {
          "path": "sw-WoundExudateAmount-model.findingStatus",
          "min": 1,
          "max": "1"
        },
        "type": [
          {
            "code": "code"
          }
        ],
        "mustSupport": false,
        "isModifier": false,
        "isSummary": false,
        "binding": {
          "strength": "required",
          "valueSetReference": {
            "reference": "http://hl7.org/fhir/ValueSet/observation-status"
          }
        }
      },
      {
        "id": "sw-WoundExudateAmount-model.relevantTime",
        "path": "sw-WoundExudateAmount-model.relevantTime",
        "short": "The time or time period that the statement addresses.",
        "definition": "The time or time period that the statement addresses.",
        "min": 0,
        "max": "1",
        "base": {
          "path": "sw-WoundExudateAmount-model.relevantTime",
          "min": 0,
          "max": "1"
        },
        "type": [
          {
            "code": "dateTime"
          },
          {
            "code": "http://hl7.org/fhir/us/sw/StructureDefinition/shr-core-TimePeriod-model"
          }
        ],
        "mustSupport": false,
        "isModifier": false,
        "isSummary": false
      },
      {
        "id": "sw-WoundExudateAmount-model.findingMethod",
        "path": "sw-WoundExudateAmount-model.findingMethod",
        "short": "The method used to determine the finding.",
        "definition": "The method used to determine the finding.",
        "min": 0,
        "max": "1",
        "base": {
          "path": "sw-WoundExudateAmount-model.findingMethod",
          "min": 0,
          "max": "1"
        },
        "type": [
          {
            "code": "Coding"
          }
        ],
        "mustSupport": false,
        "isModifier": false,
        "isSummary": false
      },
      {
        "id": "sw-WoundExudateAmount-model.subject",
        "path": "sw-WoundExudateAmount-model.subject",
        "code": [
          {
            "system": "http://snomed.info/sct",
            "code": "416462003",
            "display": "Wound (disorder)"
          }
        ],
        "short": "The person, place, event, condition, other statement that this statement addresses or belongs to.",
        "definition": "The person, place, event, condition, other statement that this statement addresses or belongs to.\nFor an existential finding, the Subject is the 'owner' of the object said to exist or not exist. For example, the subject for a condition is a patient; the subject for wound size is a wound. Subjects are themselves statements.",
        "min": 1,
        "max": "1",
        "base": {
          "path": "sw-WoundExudateAmount-model.subject",
          "min": 1,
          "max": "1"
        },
        "type": [
          {
            "code": "http://hl7.org/fhir/us/sw/StructureDefinition/sw-Wound-model"
          }
        ],
        "mustSupport": false,
        "isModifier": false,
        "isSummary": false
      },
      {
        "id": "sw-WoundExudateAmount-model.observableCode",
        "path": "sw-WoundExudateAmount-model.observableCode",
        "short": "A code describing the aspect or property of the subject being observed or measured. The ObservableCode is the 'question code' that pairs to the 'answer' contained in the ResultValue.",
        "definition": "A code describing the aspect or property of the subject being observed or measured. The ObservableCode is the 'question code' that pairs to the 'answer' contained in the ResultValue.",
        "min": 1,
        "max": "1",
        "base": {
          "path": "sw-WoundExudateAmount-model.observableCode",
          "min": 1,
          "max": "1"
        },
        "type": [
          {
            "code": "Coding"
          }
        ],
        "mustSupport": false,
        "isModifier": false,
        "isSummary": false
      },
      {
        "id": "sw-WoundExudateAmount-model.observableCode.id",
        "path": "sw-WoundExudateAmount-model.observableCode.id",
        "representation": [
          "xmlAttr"
        ],
        "short": "xml:id (or equivalent in JSON)",
        "definition": "unique id for the element within a resource (for internal references). This may be any string value that does not contain spaces.",
        "min": 0,
        "max": "1",
        "base": {
          "path": "Element.id",
          "min": 0,
          "max": "1"
        },
        "type": [
          {
            "code": "string"
          }
        ],
        "mapping": [
          {
            "identity": "rim",
            "map": "n/a"
          }
        ]
      },
      {
        "id": "sw-WoundExudateAmount-model.observableCode.extension",
        "path": "sw-WoundExudateAmount-model.observableCode.extension",
        "slicing": {
          "discriminator": [
            {
              "type": "value",
              "path": "url"
            }
          ],
          "description": "Extensions are always sliced by (at least) url",
          "rules": "open"
        },
        "short": "Additional Content defined by implementations",
        "definition": "May be used to represent additional information that is not part of the basic definition of the element. In order to make the use of extensions safe and manageable, there is a strict set of governance  applied to the definition and use of extensions. Though any implementer is allowed to define an extension, there is a set of requirements that SHALL be met as part of the definition of the extension.",
        "comment": "There can be no stigma associated with the use of extensions by any application, project, or standard - regardless of the institution or jurisdiction that uses or defines the extensions.  The use of extensions is what allows the FHIR specification to retain a core level of simplicity for everyone.",
        "min": 0,
        "max": "*",
        "base": {
          "path": "Element.extension",
          "min": 0,
          "max": "*"
        },
        "type": [
          {
            "code": "Extension"
          }
        ],
        "mapping": [
          {
            "identity": "rim",
            "map": "n/a"
          }
        ]
      },
      {
        "id": "sw-WoundExudateAmount-model.observableCode.system",
        "path": "sw-WoundExudateAmount-model.observableCode.system",
        "short": "Identity of the terminology system",
        "definition": "The identification of the code system that defines the meaning of the symbol in the code.",
        "comment": "The URI may be an OID (urn:oid:...) or a UUID (urn:uuid:...).  OIDs and UUIDs SHALL be references to the HL7 OID registry. Otherwise, the URI should come from HL7's list of FHIR defined special URIs or it should de-reference to some definition that establish the system clearly and unambiguously.",
        "requirements": "Need to be unambiguous about the source of the definition of the symbol.",
        "min": 1,
        "max": "1",
        "base": {
          "path": "Coding.system",
          "min": 0,
          "max": "1"
        },
        "type": [
          {
            "code": "uri"
          }
        ],
        "fixedUri": "http://loinc.org",
        "isSummary": true,
        "mapping": [
          {
            "identity": "v2",
            "map": "C*E.3"
          },
          {
            "identity": "rim",
            "map": "./codeSystem"
          },
          {
            "identity": "orim",
            "map": "fhir:Coding.system rdfs:subPropertyOf dt:CDCoding.codeSystem"
          }
        ]
      },
      {
        "id": "sw-WoundExudateAmount-model.observableCode.version",
        "path": "sw-WoundExudateAmount-model.observableCode.version",
        "short": "Version of the system - if relevant",
        "definition": "The version of the code system which was used when choosing this code. Note that a well-maintained code system does not need the version reported, because the meaning of codes is consistent across versions. However this cannot consistently be assured. and when the meaning is not guaranteed to be consistent, the version SHOULD be exchanged.",
        "comment": "Where the terminology does not clearly define what string should be used to identify code system versions, the recommendation is to use the date (expressed in FHIR date format) on which that version was officially published as the version date.",
        "min": 0,
        "max": "1",
        "base": {
          "path": "Coding.version",
          "min": 0,
          "max": "1"
        },
        "type": [
          {
            "code": "string"
          }
        ],
        "isSummary": true,
        "mapping": [
          {
            "identity": "v2",
            "map": "C*E.7"
          },
          {
            "identity": "rim",
            "map": "./codeSystemVersion"
          },
          {
            "identity": "orim",
            "map": "fhir:Coding.version rdfs:subPropertyOf dt:CDCoding.codeSystemVersion"
          }
        ]
      },
      {
        "id": "sw-WoundExudateAmount-model.observableCode.code",
        "path": "sw-WoundExudateAmount-model.observableCode.code",
        "short": "Symbol in syntax defined by the system",
        "definition": "A symbol in syntax defined by the system. The symbol may be a predefined code or an expression in a syntax defined by the coding system (e.g. post-coordination).",
        "requirements": "Need to refer to a particular code in the system.",
        "min": 1,
        "max": "1",
        "base": {
          "path": "Coding.code",
          "min": 0,
          "max": "1"
        },
        "type": [
          {
            "code": "code"
          }
        ],
        "fixedCode": "39116-9",
        "isSummary": true,
        "mapping": [
          {
            "identity": "v2",
            "map": "C*E.1"
          },
          {
            "identity": "rim",
            "map": "./code"
          },
          {
            "identity": "orim",
            "map": "fhir:Coding.code rdfs:subPropertyOf dt:CDCoding.code"
          }
        ]
      },
      {
        "id": "sw-WoundExudateAmount-model.observableCode.display",
        "extension": [
          {
            "url": "http://hl7.org/fhir/StructureDefinition/elementdefinition-translatable",
            "valueBoolean": true
          }
        ],
        "path": "sw-WoundExudateAmount-model.observableCode.display",
        "short": "Representation defined by the system",
        "definition": "A representation of the meaning of the code in the system, following the rules of the system.",
        "requirements": "Need to be able to carry a human-readable meaning of the code for readers that do not know  the system.",
        "min": 0,
        "max": "1",
        "base": {
          "path": "Coding.display",
          "min": 0,
          "max": "1"
        },
        "type": [
          {
            "code": "string"
          }
        ],
        "isSummary": true,
        "mapping": [
          {
            "identity": "v2",
            "map": "C*E.2 - but note this is not well followed"
          },
          {
            "identity": "rim",
            "map": "CV.displayName"
          },
          {
            "identity": "orim",
            "map": "fhir:Coding.display rdfs:subPropertyOf dt:CDCoding.displayName"
          }
        ]
      },
      {
        "id": "sw-WoundExudateAmount-model.observableCode.userSelected",
        "path": "sw-WoundExudateAmount-model.observableCode.userSelected",
        "short": "If this coding was chosen directly by the user",
        "definition": "Indicates that this coding was chosen by a user directly - i.e. off a pick list of available items (codes or displays).",
        "comment": "Amongst a set of alternatives, a directly chosen code is the most appropriate starting point for new translations. There is some ambiguity about what exactly 'directly chosen' implies, and trading partner agreement may be needed to clarify the use of this element and its consequences more completely.",
        "requirements": "This has been identified as a clinical safety criterium - that this exact system/code pair was chosen explicitly, rather than inferred by the system based on some rules or language processing.",
        "min": 0,
        "max": "1",
        "base": {
          "path": "Coding.userSelected",
          "min": 0,
          "max": "1"
        },
        "type": [
          {
            "code": "boolean"
          }
        ],
        "isSummary": true,
        "mapping": [
          {
            "identity": "v2",
            "map": "Sometimes implied by being first"
          },
          {
            "identity": "rim",
            "map": "CD.codingRationale"
          },
          {
            "identity": "orim",
            "map": "fhir:Coding.userSelected fhir:mapsTo dt:CDCoding.codingRationale. fhir:Coding.userSelected fhir:hasMap fhir:Coding.userSelected.map. fhir:Coding.userSelected.map a fhir:Map;   fhir:target dt:CDCoding.codingRationale. fhir:Coding.userSelected\\#true a [     fhir:source \"true\";     fhir:target dt:CDCoding.codingRationale\\#O   ]"
          }
        ]
      },
      {
        "id": "sw-WoundExudateAmount-model.resultValue",
        "path": "sw-WoundExudateAmount-model.resultValue",
        "short": "The finding itself, such as the blood pressure value recorded.",
        "definition": "The finding itself, such as the blood pressure value recorded.",
        "min": 0,
        "max": "1",
        "base": {
          "path": "sw-WoundExudateAmount-model.resultValue",
          "min": 0,
          "max": "1"
        },
        "type": [
          {
            "code": "Coding"
          }
        ],
        "mustSupport": false,
        "isModifier": false,
        "isSummary": false,
        "binding": {
          "strength": "required",
          "valueSetReference": {
            "reference": "https://vsac.nlm.nih.gov/valueset/2.16.840.1.113762.1.4.1181.10/expansion"
          }
        }
      },
      {
        "id": "sw-WoundExudateAmount-model.qualifier",
        "path": "sw-WoundExudateAmount-model.qualifier",
        "short": "A condition or circumstance associated with an observation that affects the interpretation of the result value.",
        "definition": "A condition or circumstance associated with an observation that affects the interpretation of the result value.",
        "min": 0,
        "max": "*",
        "base": {
          "path": "sw-WoundExudateAmount-model.qualifier",
          "min": 0,
          "max": "*"
        },
        "type": [
          {
            "code": "Coding"
          }
        ],
        "mustSupport": false,
        "isModifier": false,
        "isSummary": false
      }
    ]
  },
  "differential": {
    "element": [
      {
        "id": "sw-WoundExudateAmount-model",
        "path": "sw-WoundExudateAmount-model",
        "definition": "Drainage amount of wound",
        "min": 0,
        "max": "*",
        "base": {
          "path": "sw-WoundExudateAmount-model",
          "min": 0,
          "max": "*"
        },
        "mustSupport": false,
        "isModifier": false,
        "isSummary": false
      },
      {
        "id": "sw-WoundExudateAmount-model.findingStatus",
        "path": "sw-WoundExudateAmount-model.findingStatus",
        "short": "Indicates whether the finding is preliminary, amended, final, etc.",
        "definition": "Indicates whether the finding is preliminary, amended, final, etc.",
        "min": 1,
        "max": "1",
        "base": {
          "path": "sw-WoundExudateAmount-model.findingStatus",
          "min": 1,
          "max": "1"
        },
        "type": [
          {
            "code": "code"
          }
        ],
        "mustSupport": false,
        "isModifier": false,
        "isSummary": false,
        "binding": {
          "strength": "required",
          "valueSetReference": {
            "reference": "http://hl7.org/fhir/ValueSet/observation-status"
          }
        }
      },
      {
        "id": "sw-WoundExudateAmount-model.relevantTime",
        "path": "sw-WoundExudateAmount-model.relevantTime",
        "short": "The time or time period that the statement addresses.",
        "definition": "The time or time period that the statement addresses.",
        "min": 0,
        "max": "1",
        "base": {
          "path": "sw-WoundExudateAmount-model.relevantTime",
          "min": 0,
          "max": "1"
        },
        "type": [
          {
            "code": "dateTime"
          },
          {
            "code": "http://hl7.org/fhir/us/sw/StructureDefinition/shr-core-TimePeriod-model"
          }
        ],
        "mustSupport": false,
        "isModifier": false,
        "isSummary": false
      },
      {
        "id": "sw-WoundExudateAmount-model.findingMethod",
        "path": "sw-WoundExudateAmount-model.findingMethod",
        "short": "The method used to determine the finding.",
        "definition": "The method used to determine the finding.",
        "min": 0,
        "max": "1",
        "base": {
          "path": "sw-WoundExudateAmount-model.findingMethod",
          "min": 0,
          "max": "1"
        },
        "type": [
          {
            "code": "Coding"
          }
        ],
        "mustSupport": false,
        "isModifier": false,
        "isSummary": false
      },
      {
        "id": "sw-WoundExudateAmount-model.subject",
        "path": "sw-WoundExudateAmount-model.subject",
        "code": [
          {
            "system": "http://snomed.info/sct",
            "code": "416462003",
            "display": "Wound (disorder)"
          }
        ],
        "short": "The person, place, event, condition, other statement that this statement addresses or belongs to.",
        "definition": "The person, place, event, condition, other statement that this statement addresses or belongs to.\nFor an existential finding, the Subject is the 'owner' of the object said to exist or not exist. For example, the subject for a condition is a patient; the subject for wound size is a wound. Subjects are themselves statements.",
        "min": 1,
        "max": "1",
        "base": {
          "path": "sw-WoundExudateAmount-model.subject",
          "min": 1,
          "max": "1"
        },
        "type": [
          {
            "code": "http://hl7.org/fhir/us/sw/StructureDefinition/sw-Wound-model"
          }
        ],
        "mustSupport": false,
        "isModifier": false,
        "isSummary": false
      },
      {
        "id": "sw-WoundExudateAmount-model.observableCode",
        "path": "sw-WoundExudateAmount-model.observableCode",
        "short": "A code describing the aspect or property of the subject being observed or measured. The ObservableCode is the 'question code' that pairs to the 'answer' contained in the ResultValue.",
        "definition": "A code describing the aspect or property of the subject being observed or measured. The ObservableCode is the 'question code' that pairs to the 'answer' contained in the ResultValue.",
        "min": 1,
        "max": "1",
        "base": {
          "path": "sw-WoundExudateAmount-model.observableCode",
          "min": 1,
          "max": "1"
        },
        "type": [
          {
            "code": "Coding"
          }
        ],
        "mustSupport": false,
        "isModifier": false,
        "isSummary": false
      },
      {
        "id": "sw-WoundExudateAmount-model.observableCode.id",
        "path": "sw-WoundExudateAmount-model.observableCode.id",
        "representation": [
          "xmlAttr"
        ],
        "short": "xml:id (or equivalent in JSON)",
        "definition": "unique id for the element within a resource (for internal references). This may be any string value that does not contain spaces.",
        "min": 0,
        "max": "1",
        "base": {
          "path": "Element.id",
          "min": 0,
          "max": "1"
        },
        "type": [
          {
            "code": "string"
          }
        ],
        "mapping": [
          {
            "identity": "rim",
            "map": "n/a"
          }
        ]
      },
      {
        "id": "sw-WoundExudateAmount-model.observableCode.extension",
        "path": "sw-WoundExudateAmount-model.observableCode.extension",
        "slicing": {
          "discriminator": [
            {
              "type": "value",
              "path": "url"
            }
          ],
          "description": "Extensions are always sliced by (at least) url",
          "rules": "open"
        },
        "short": "Additional Content defined by implementations",
        "definition": "May be used to represent additional information that is not part of the basic definition of the element. In order to make the use of extensions safe and manageable, there is a strict set of governance  applied to the definition and use of extensions. Though any implementer is allowed to define an extension, there is a set of requirements that SHALL be met as part of the definition of the extension.",
        "comment": "There can be no stigma associated with the use of extensions by any application, project, or standard - regardless of the institution or jurisdiction that uses or defines the extensions.  The use of extensions is what allows the FHIR specification to retain a core level of simplicity for everyone.",
        "min": 0,
        "max": "*",
        "base": {
          "path": "Element.extension",
          "min": 0,
          "max": "*"
        },
        "type": [
          {
            "code": "Extension"
          }
        ],
        "mapping": [
          {
            "identity": "rim",
            "map": "n/a"
          }
        ]
      },
      {
        "id": "sw-WoundExudateAmount-model.observableCode.system",
        "path": "sw-WoundExudateAmount-model.observableCode.system",
        "short": "Identity of the terminology system",
        "definition": "The identification of the code system that defines the meaning of the symbol in the code.",
        "comment": "The URI may be an OID (urn:oid:...) or a UUID (urn:uuid:...).  OIDs and UUIDs SHALL be references to the HL7 OID registry. Otherwise, the URI should come from HL7's list of FHIR defined special URIs or it should de-reference to some definition that establish the system clearly and unambiguously.",
        "requirements": "Need to be unambiguous about the source of the definition of the symbol.",
        "min": 1,
        "max": "1",
        "base": {
          "path": "Coding.system",
          "min": 0,
          "max": "1"
        },
        "type": [
          {
            "code": "uri"
          }
        ],
        "fixedUri": "http://loinc.org",
        "isSummary": true,
        "mapping": [
          {
            "identity": "v2",
            "map": "C*E.3"
          },
          {
            "identity": "rim",
            "map": "./codeSystem"
          },
          {
            "identity": "orim",
            "map": "fhir:Coding.system rdfs:subPropertyOf dt:CDCoding.codeSystem"
          }
        ]
      },
      {
        "id": "sw-WoundExudateAmount-model.observableCode.version",
        "path": "sw-WoundExudateAmount-model.observableCode.version",
        "short": "Version of the system - if relevant",
        "definition": "The version of the code system which was used when choosing this code. Note that a well-maintained code system does not need the version reported, because the meaning of codes is consistent across versions. However this cannot consistently be assured. and when the meaning is not guaranteed to be consistent, the version SHOULD be exchanged.",
        "comment": "Where the terminology does not clearly define what string should be used to identify code system versions, the recommendation is to use the date (expressed in FHIR date format) on which that version was officially published as the version date.",
        "min": 0,
        "max": "1",
        "base": {
          "path": "Coding.version",
          "min": 0,
          "max": "1"
        },
        "type": [
          {
            "code": "string"
          }
        ],
        "isSummary": true,
        "mapping": [
          {
            "identity": "v2",
            "map": "C*E.7"
          },
          {
            "identity": "rim",
            "map": "./codeSystemVersion"
          },
          {
            "identity": "orim",
            "map": "fhir:Coding.version rdfs:subPropertyOf dt:CDCoding.codeSystemVersion"
          }
        ]
      },
      {
        "id": "sw-WoundExudateAmount-model.observableCode.code",
        "path": "sw-WoundExudateAmount-model.observableCode.code",
        "short": "Symbol in syntax defined by the system",
        "definition": "A symbol in syntax defined by the system. The symbol may be a predefined code or an expression in a syntax defined by the coding system (e.g. post-coordination).",
        "requirements": "Need to refer to a particular code in the system.",
        "min": 1,
        "max": "1",
        "base": {
          "path": "Coding.code",
          "min": 0,
          "max": "1"
        },
        "type": [
          {
            "code": "code"
          }
        ],
        "fixedCode": "39116-9",
        "isSummary": true,
        "mapping": [
          {
            "identity": "v2",
            "map": "C*E.1"
          },
          {
            "identity": "rim",
            "map": "./code"
          },
          {
            "identity": "orim",
            "map": "fhir:Coding.code rdfs:subPropertyOf dt:CDCoding.code"
          }
        ]
      },
      {
        "id": "sw-WoundExudateAmount-model.observableCode.display",
        "extension": [
          {
            "url": "http://hl7.org/fhir/StructureDefinition/elementdefinition-translatable",
            "valueBoolean": true
          }
        ],
        "path": "sw-WoundExudateAmount-model.observableCode.display",
        "short": "Representation defined by the system",
        "definition": "A representation of the meaning of the code in the system, following the rules of the system.",
        "requirements": "Need to be able to carry a human-readable meaning of the code for readers that do not know  the system.",
        "min": 0,
        "max": "1",
        "base": {
          "path": "Coding.display",
          "min": 0,
          "max": "1"
        },
        "type": [
          {
            "code": "string"
          }
        ],
        "isSummary": true,
        "mapping": [
          {
            "identity": "v2",
            "map": "C*E.2 - but note this is not well followed"
          },
          {
            "identity": "rim",
            "map": "CV.displayName"
          },
          {
            "identity": "orim",
            "map": "fhir:Coding.display rdfs:subPropertyOf dt:CDCoding.displayName"
          }
        ]
      },
      {
        "id": "sw-WoundExudateAmount-model.observableCode.userSelected",
        "path": "sw-WoundExudateAmount-model.observableCode.userSelected",
        "short": "If this coding was chosen directly by the user",
        "definition": "Indicates that this coding was chosen by a user directly - i.e. off a pick list of available items (codes or displays).",
        "comment": "Amongst a set of alternatives, a directly chosen code is the most appropriate starting point for new translations. There is some ambiguity about what exactly 'directly chosen' implies, and trading partner agreement may be needed to clarify the use of this element and its consequences more completely.",
        "requirements": "This has been identified as a clinical safety criterium - that this exact system/code pair was chosen explicitly, rather than inferred by the system based on some rules or language processing.",
        "min": 0,
        "max": "1",
        "base": {
          "path": "Coding.userSelected",
          "min": 0,
          "max": "1"
        },
        "type": [
          {
            "code": "boolean"
          }
        ],
        "isSummary": true,
        "mapping": [
          {
            "identity": "v2",
            "map": "Sometimes implied by being first"
          },
          {
            "identity": "rim",
            "map": "CD.codingRationale"
          },
          {
            "identity": "orim",
            "map": "fhir:Coding.userSelected fhir:mapsTo dt:CDCoding.codingRationale. fhir:Coding.userSelected fhir:hasMap fhir:Coding.userSelected.map. fhir:Coding.userSelected.map a fhir:Map;   fhir:target dt:CDCoding.codingRationale. fhir:Coding.userSelected\\#true a [     fhir:source \"true\";     fhir:target dt:CDCoding.codingRationale\\#O   ]"
          }
        ]
      },
      {
        "id": "sw-WoundExudateAmount-model.resultValue",
        "path": "sw-WoundExudateAmount-model.resultValue",
        "short": "The finding itself, such as the blood pressure value recorded.",
        "definition": "The finding itself, such as the blood pressure value recorded.",
        "min": 0,
        "max": "1",
        "base": {
          "path": "sw-WoundExudateAmount-model.resultValue",
          "min": 0,
          "max": "1"
        },
        "type": [
          {
            "code": "Coding"
          }
        ],
        "mustSupport": false,
        "isModifier": false,
        "isSummary": false,
        "binding": {
          "strength": "required",
          "valueSetReference": {
            "reference": "https://vsac.nlm.nih.gov/valueset/2.16.840.1.113762.1.4.1181.10/expansion"
          }
        }
      },
      {
        "id": "sw-WoundExudateAmount-model.qualifier",
        "path": "sw-WoundExudateAmount-model.qualifier",
        "short": "A condition or circumstance associated with an observation that affects the interpretation of the result value.",
        "definition": "A condition or circumstance associated with an observation that affects the interpretation of the result value.",
        "min": 0,
        "max": "*",
        "base": {
          "path": "sw-WoundExudateAmount-model.qualifier",
          "min": 0,
          "max": "*"
        },
        "type": [
          {
            "code": "Coding"
          }
        ],
        "mustSupport": false,
        "isModifier": false,
        "isSummary": false
      }
    ]
  }
}