{
  "resourceType": "ValueSet",
  "id": "shr-entity-ConditionVS",
  "text": {
    "status": "generated",
    "div": "<div xmlns=\"http://www.w3.org/1999/xhtml\">\n<p><b>SW ConditionVS ValueSet</b></p>\n<p>Value set of Snomed codes corresponding to disorders.</p>\n</div>"
  },
  "url": "http://hl7.org/fhir/us/sw/ValueSet/shr-entity-ConditionVS",
  "identifier": [
    {
      "system": "http://hl7.org/fhir/us/sw",
      "value": "shr.entity.ConditionVS"
    }
  ],
  "version": "1.0.0",
  "name": "ConditionVS",
  "title": "SW ConditionVS ValueSet",
  "status": "draft",
  "date": "2018-08-17T00:00:00-04:00",
  "publisher": "HL7 Patient Care and Clinical Information Modeling Initiative Work Groups",
  "contact": [
    {
      "telecom": [
        {
          "system": "url",
          "value": "http://standardhealthrecord.org"
        }
      ]
    }
  ],
  "description": "Value set of Snomed codes corresponding to disorders.",
  "compose": {
    "include": [
      {
        "system": "http://snomed.info/sct",
        "filter": [
          {
            "property": "concept",
            "op": "is-a",
            "value": "404684003"
          }
        ]
      }
    ]
  }
}