<?xml version="1.0" encoding="UTF-8"?><StructureDefinition xmlns="http://hl7.org/fhir"><id value="cimi-element-Name-model"/><text><status value="generated"/><div xmlns="http://www.w3.org/1999/xhtml">
  <p><b>SW Name Logical Model</b></p>
  <p>Abstract supertype for the name of an entity.</p>
</div></text><url value="http://hl7.org/fhir/us/sw/StructureDefinition/cimi-element-Name-model"/><identifier><system value="http://hl7.org/fhir/us/sw"/><value value="cimi.element.Name"/></identifier><version value="1.0.0"/><name value="NameModel"/><title value="SW Name Logical Model"/><status value="draft"/><date value="2018-08-17T00:00:00-04:00"/><publisher value="HL7 Patient Care and Clinical Information Modeling Initiative Work Groups"/><contact><telecom><system value="url"/><value value="http://standardhealthrecord.org"/></telecom></contact><description value="Abstract supertype for the name of an entity."/><fhirVersion value="3.0.1"/><kind value="logical"/><abstract value="false"/><type value="cimi-element-Name-model"/><baseDefinition value="http://hl7.org/fhir/StructureDefinition/Element"/><derivation value="specialization"/><snapshot><element id="cimi-element-Name-model"><path value="cimi-element-Name-model"/><definition value="Abstract supertype for the name of an entity."/><min value="0"/><max value="*"/><base><path value="cimi-element-Name-model"/><min value="0"/><max value="*"/></base><mustSupport value="false"/><isModifier value="false"/><isSummary value="false"/></element><element id="cimi-element-Name-model.nameAsText"><path value="cimi-element-Name-model.nameAsText"/><short value="The name as plain unstructured or semi-structured text."/><definition value="The name as plain unstructured or semi-structured text."/><min value="0"/><max value="1"/><base><path value="cimi-element-Name-model.nameAsText"/><min value="0"/><max value="1"/></base><type><code value="string"/></type><mustSupport value="false"/><isModifier value="false"/><isSummary value="false"/></element><element id="cimi-element-Name-model.purpose"><path value="cimi-element-Name-model.purpose"/><code><system value="http://ncimeta.nci.nih.gov"/><code value="C0805701"/></code><short value="Why the item is used."/><definition value="Why the item is used."/><min value="0"/><max value="*"/><base><path value="cimi-element-Name-model.purpose"/><min value="0"/><max value="*"/></base><type><code value="Coding"/></type><mustSupport value="false"/><isModifier value="false"/><isSummary value="false"/></element><element id="cimi-element-Name-model.effectiveTimePeriod"><path value="cimi-element-Name-model.effectiveTimePeriod"/><code><system value="http://ncimeta.nci.nih.gov"/><code value="C2985763"/></code><short value="The date and time span for which something is active, valid, or in force."/><definition value="The date and time span for which something is active, valid, or in force."/><min value="0"/><max value="1"/><base><path value="cimi-element-Name-model.effectiveTimePeriod"/><min value="0"/><max value="1"/></base><type><code value="http://hl7.org/fhir/us/sw/StructureDefinition/shr-core-EffectiveTimePeriod-model"/></type><mustSupport value="false"/><isModifier value="false"/><isSummary value="false"/></element></snapshot><differential><element id="cimi-element-Name-model"><path value="cimi-element-Name-model"/><definition value="Abstract supertype for the name of an entity."/><min value="0"/><max value="*"/><base><path value="cimi-element-Name-model"/><min value="0"/><max value="*"/></base><mustSupport value="false"/><isModifier value="false"/><isSummary value="false"/></element><element id="cimi-element-Name-model.nameAsText"><path value="cimi-element-Name-model.nameAsText"/><short value="The name as plain unstructured or semi-structured text."/><definition value="The name as plain unstructured or semi-structured text."/><min value="0"/><max value="1"/><base><path value="cimi-element-Name-model.nameAsText"/><min value="0"/><max value="1"/></base><type><code value="string"/></type><mustSupport value="false"/><isModifier value="false"/><isSummary value="false"/></element><element id="cimi-element-Name-model.purpose"><path value="cimi-element-Name-model.purpose"/><code><system value="http://ncimeta.nci.nih.gov"/><code value="C0805701"/></code><short value="Why the item is used."/><definition value="Why the item is used."/><min value="0"/><max value="*"/><base><path value="cimi-element-Name-model.purpose"/><min value="0"/><max value="*"/></base><type><code value="Coding"/></type><mustSupport value="false"/><isModifier value="false"/><isSummary value="false"/></element><element id="cimi-element-Name-model.effectiveTimePeriod"><path value="cimi-element-Name-model.effectiveTimePeriod"/><code><system value="http://ncimeta.nci.nih.gov"/><code value="C2985763"/></code><short value="The date and time span for which something is active, valid, or in force."/><definition value="The date and time span for which something is active, valid, or in force."/><min value="0"/><max value="1"/><base><path value="cimi-element-Name-model.effectiveTimePeriod"/><min value="0"/><max value="1"/></base><type><code value="http://hl7.org/fhir/us/sw/StructureDefinition/shr-core-EffectiveTimePeriod-model"/></type><mustSupport value="false"/><isModifier value="false"/><isSummary value="false"/></element></differential></StructureDefinition>