<?xml version="1.0" encoding="UTF-8"?><StructureDefinition xmlns="http://hl7.org/fhir"><id value="cimi-entity-CollectionSite-model"/><text><status value="generated"/><div xmlns="http://www.w3.org/1999/xhtml">
  <p><b>SW CollectionSite Logical Model</b></p>
  <p>The body site where specimen was collected</p>
</div></text><url value="http://hl7.org/fhir/us/sw/StructureDefinition/cimi-entity-CollectionSite-model"/><identifier><system value="http://hl7.org/fhir/us/sw"/><value value="cimi.entity.CollectionSite"/></identifier><version value="1.0.0"/><name value="CollectionSiteModel"/><title value="SW CollectionSite Logical Model"/><status value="draft"/><date value="2018-08-17T00:00:00-04:00"/><publisher value="HL7 Patient Care and Clinical Information Modeling Initiative Work Groups"/><contact><telecom><system value="url"/><value value="http://standardhealthrecord.org"/></telecom></contact><description value="The body site where specimen was collected"/><fhirVersion value="3.0.1"/><kind value="logical"/><abstract value="false"/><type value="cimi-entity-CollectionSite-model"/><baseDefinition value="http://hl7.org/fhir/StructureDefinition/Element"/><derivation value="specialization"/><snapshot><element id="cimi-entity-CollectionSite-model"><path value="cimi-entity-CollectionSite-model"/><definition value="The body site where specimen was collected"/><min value="0"/><max value="*"/><base><path value="cimi-entity-CollectionSite-model"/><min value="0"/><max value="*"/></base><mustSupport value="false"/><isModifier value="false"/><isSummary value="false"/></element><element id="cimi-entity-CollectionSite-model.value"><path value="cimi-entity-CollectionSite-model.value"/><code><system value="http://loinc.org"/><code value="72369-2"/></code><short value="AnatomicalLocation representing the body site where specimen was collected"/><definition value="AnatomicalLocation representing the body site where specimen was collected"/><min value="1"/><max value="1"/><base><path value="cimi-entity-CollectionSite-model.value"/><min value="1"/><max value="1"/></base><type><code value="http://hl7.org/fhir/us/sw/StructureDefinition/cimi-element-AnatomicalLocation-model"/></type><mustSupport value="false"/><isModifier value="false"/><isSummary value="false"/></element></snapshot><differential><element id="cimi-entity-CollectionSite-model"><path value="cimi-entity-CollectionSite-model"/><definition value="The body site where specimen was collected"/><min value="0"/><max value="*"/><base><path value="cimi-entity-CollectionSite-model"/><min value="0"/><max value="*"/></base><mustSupport value="false"/><isModifier value="false"/><isSummary value="false"/></element><element id="cimi-entity-CollectionSite-model.value"><path value="cimi-entity-CollectionSite-model.value"/><code><system value="http://loinc.org"/><code value="72369-2"/></code><short value="AnatomicalLocation representing the body site where specimen was collected"/><definition value="AnatomicalLocation representing the body site where specimen was collected"/><min value="1"/><max value="1"/><base><path value="cimi-entity-CollectionSite-model.value"/><min value="1"/><max value="1"/></base><type><code value="http://hl7.org/fhir/us/sw/StructureDefinition/cimi-element-AnatomicalLocation-model"/></type><mustSupport value="false"/><isModifier value="false"/><isSummary value="false"/></element></differential></StructureDefinition>