<?xml version="1.0" encoding="UTF-8"?><StructureDefinition xmlns="http://hl7.org/fhir"><id value="shr-core-GeopoliticalLocation-model"/><text><status value="generated"/><div xmlns="http://www.w3.org/1999/xhtml">
  <p><b>SW GeopoliticalLocation Logical Model</b></p>
  <p>The countries of the world and major geopolitical subregions, such as US states.</p>
</div></text><url value="http://hl7.org/fhir/us/sw/StructureDefinition/shr-core-GeopoliticalLocation-model"/><identifier><system value="http://hl7.org/fhir/us/sw"/><value value="shr.core.GeopoliticalLocation"/></identifier><version value="1.0.0"/><name value="GeopoliticalLocationModel"/><title value="SW GeopoliticalLocation Logical Model"/><status value="draft"/><date value="2018-08-17T00:00:00-04:00"/><publisher value="HL7 Patient Care and Clinical Information Modeling Initiative Work Groups"/><contact><telecom><system value="url"/><value value="http://standardhealthrecord.org"/></telecom></contact><description value="The countries of the world and major geopolitical subregions, such as US states."/><keyword><system value="http://ncimeta.nci.nih.gov"/><code value="C0017446"/></keyword><fhirVersion value="3.0.1"/><kind value="logical"/><abstract value="false"/><type value="shr-core-GeopoliticalLocation-model"/><baseDefinition value="http://hl7.org/fhir/StructureDefinition/Element"/><derivation value="specialization"/><snapshot><element id="shr-core-GeopoliticalLocation-model"><path value="shr-core-GeopoliticalLocation-model"/><definition value="The countries of the world and major geopolitical subregions, such as US states."/><min value="0"/><max value="*"/><base><path value="shr-core-GeopoliticalLocation-model"/><min value="0"/><max value="*"/></base><mustSupport value="false"/><isModifier value="false"/><isSummary value="false"/></element></snapshot><differential><element id="shr-core-GeopoliticalLocation-model"><path value="shr-core-GeopoliticalLocation-model"/><definition value="The countries of the world and major geopolitical subregions, such as US states."/><min value="0"/><max value="*"/><base><path value="shr-core-GeopoliticalLocation-model"/><min value="0"/><max value="*"/></base><mustSupport value="false"/><isModifier value="false"/><isSummary value="false"/></element></differential></StructureDefinition>