<?xml version="1.0" encoding="UTF-8"?><StructureDefinition xmlns="http://hl7.org/fhir"><id value="cimi-datatypes-ResourceSize-model"/><text><status value="generated"/><div xmlns="http://www.w3.org/1999/xhtml">
  <p><b>SW ResourceSize Logical Model</b></p>
  <p>Number of bytes of content in the resource (if url provided)</p>
</div></text><url value="http://hl7.org/fhir/us/sw/StructureDefinition/cimi-datatypes-ResourceSize-model"/><identifier><system value="http://hl7.org/fhir/us/sw"/><value value="cimi.datatypes.ResourceSize"/></identifier><version value="1.0.0"/><name value="ResourceSizeModel"/><title value="SW ResourceSize Logical Model"/><status value="draft"/><date value="2018-08-17T00:00:00-04:00"/><publisher value="HL7 Patient Care and Clinical Information Modeling Initiative Work Groups"/><contact><telecom><system value="url"/><value value="http://standardhealthrecord.org"/></telecom></contact><description value="Number of bytes of content in the resource (if url provided)"/><fhirVersion value="3.0.1"/><kind value="logical"/><abstract value="false"/><type value="cimi-datatypes-ResourceSize-model"/><baseDefinition value="http://hl7.org/fhir/StructureDefinition/Element"/><derivation value="specialization"/><snapshot><element id="cimi-datatypes-ResourceSize-model"><path value="cimi-datatypes-ResourceSize-model"/><definition value="Number of bytes of content in the resource (if url provided)"/><min value="0"/><max value="*"/><base><path value="cimi-datatypes-ResourceSize-model"/><min value="0"/><max value="*"/></base><mustSupport value="false"/><isModifier value="false"/><isSummary value="false"/></element><element id="cimi-datatypes-ResourceSize-model.value"><path value="cimi-datatypes-ResourceSize-model.value"/><short value="UnsignedInt representing number of bytes of content in the resource (if url provided)"/><definition value="UnsignedInt representing number of bytes of content in the resource (if url provided)"/><min value="1"/><max value="1"/><base><path value="cimi-datatypes-ResourceSize-model.value"/><min value="1"/><max value="1"/></base><type><code value="unsignedInt"/></type><mustSupport value="false"/><isModifier value="false"/><isSummary value="false"/></element></snapshot><differential><element id="cimi-datatypes-ResourceSize-model"><path value="cimi-datatypes-ResourceSize-model"/><definition value="Number of bytes of content in the resource (if url provided)"/><min value="0"/><max value="*"/><base><path value="cimi-datatypes-ResourceSize-model"/><min value="0"/><max value="*"/></base><mustSupport value="false"/><isModifier value="false"/><isSummary value="false"/></element><element id="cimi-datatypes-ResourceSize-model.value"><path value="cimi-datatypes-ResourceSize-model.value"/><short value="UnsignedInt representing number of bytes of content in the resource (if url provided)"/><definition value="UnsignedInt representing number of bytes of content in the resource (if url provided)"/><min value="1"/><max value="1"/><base><path value="cimi-datatypes-ResourceSize-model.value"/><min value="1"/><max value="1"/></base><type><code value="unsignedInt"/></type><mustSupport value="false"/><isModifier value="false"/><isSummary value="false"/></element></differential></StructureDefinition>