<?xml version="1.0" encoding="UTF-8"?><StructureDefinition xmlns="http://hl7.org/fhir"><id value="cimi-statement-Criticality-model"/><text><status value="generated"/><div xmlns="http://www.w3.org/1999/xhtml">
  <p><b>SW Criticality Logical Model</b></p>
  <p>The potential clinical harm associated with a condition. When the worst case result is assessed to have a life-threatening or organ system threatening potential, it is considered to be of high criticality.</p>
</div></text><url value="http://hl7.org/fhir/us/sw/StructureDefinition/cimi-statement-Criticality-model"/><identifier><system value="http://hl7.org/fhir/us/sw"/><value value="cimi.statement.Criticality"/></identifier><version value="1.0.0"/><name value="CriticalityModel"/><title value="SW Criticality Logical Model"/><status value="draft"/><date value="2018-08-17T00:00:00-04:00"/><publisher value="HL7 Patient Care and Clinical Information Modeling Initiative Work Groups"/><contact><telecom><system value="url"/><value value="http://standardhealthrecord.org"/></telecom></contact><description value="The potential clinical harm associated with a condition. When the worst case result is assessed to have a life-threatening or organ system threatening potential, it is considered to be of high criticality."/><keyword><system value="http://ncimeta.nci.nih.gov"/><code value="C3858539"/><display value="Criticality"/></keyword><fhirVersion value="3.0.1"/><kind value="logical"/><abstract value="false"/><type value="cimi-statement-Criticality-model"/><baseDefinition value="http://hl7.org/fhir/StructureDefinition/Element"/><derivation value="specialization"/><snapshot><element id="cimi-statement-Criticality-model"><path value="cimi-statement-Criticality-model"/><definition value="The potential clinical harm associated with a condition. When the worst case result is assessed to have a life-threatening or organ system threatening potential, it is considered to be of high criticality."/><min value="0"/><max value="*"/><base><path value="cimi-statement-Criticality-model"/><min value="0"/><max value="*"/></base><mustSupport value="false"/><isModifier value="false"/><isSummary value="false"/></element><element id="cimi-statement-Criticality-model.value"><path value="cimi-statement-Criticality-model.value"/><short value="Code representing the potential clinical harm associated with a condition. When the worst case result is assessed to have a life-threatening or organ system threatening potential, it is considered to be of high criticality."/><definition value="Code representing the potential clinical harm associated with a condition. When the worst case result is assessed to have a life-threatening or organ system threatening potential, it is considered to be of high criticality."/><min value="1"/><max value="1"/><base><path value="cimi-statement-Criticality-model.value"/><min value="1"/><max value="1"/></base><type><code value="code"/></type><mustSupport value="false"/><isModifier value="false"/><isSummary value="false"/><binding><strength value="required"/><valueSetReference><reference value="http://hl7.org/fhir/ValueSet/allergy-intolerance-criticality"/></valueSetReference></binding></element></snapshot><differential><element id="cimi-statement-Criticality-model"><path value="cimi-statement-Criticality-model"/><definition value="The potential clinical harm associated with a condition. When the worst case result is assessed to have a life-threatening or organ system threatening potential, it is considered to be of high criticality."/><min value="0"/><max value="*"/><base><path value="cimi-statement-Criticality-model"/><min value="0"/><max value="*"/></base><mustSupport value="false"/><isModifier value="false"/><isSummary value="false"/></element><element id="cimi-statement-Criticality-model.value"><path value="cimi-statement-Criticality-model.value"/><short value="Code representing the potential clinical harm associated with a condition. When the worst case result is assessed to have a life-threatening or organ system threatening potential, it is considered to be of high criticality."/><definition value="Code representing the potential clinical harm associated with a condition. When the worst case result is assessed to have a life-threatening or organ system threatening potential, it is considered to be of high criticality."/><min value="1"/><max value="1"/><base><path value="cimi-statement-Criticality-model.value"/><min value="1"/><max value="1"/></base><type><code value="code"/></type><mustSupport value="false"/><isModifier value="false"/><isSummary value="false"/><binding><strength value="required"/><valueSetReference><reference value="http://hl7.org/fhir/ValueSet/allergy-intolerance-criticality"/></valueSetReference></binding></element></differential></StructureDefinition>