<?xml version="1.0" encoding="UTF-8"?><StructureDefinition xmlns="http://hl7.org/fhir"><id value="shr-core-Type-model"/><text><status value="generated"/><div xmlns="http://www.w3.org/1999/xhtml">
  <p><b>SW Type Logical Model</b></p>
  <p>The most specific code (lowest level term) describing the kind or sort of thing being represented.</p>
</div></text><url value="http://hl7.org/fhir/us/sw/StructureDefinition/shr-core-Type-model"/><identifier><system value="http://hl7.org/fhir/us/sw"/><value value="shr.core.Type"/></identifier><version value="1.0.0"/><name value="TypeModel"/><title value="SW Type Logical Model"/><status value="draft"/><date value="2018-08-17T00:00:00-04:00"/><publisher value="HL7 Patient Care and Clinical Information Modeling Initiative Work Groups"/><contact><telecom><system value="url"/><value value="http://standardhealthrecord.org"/></telecom></contact><description value="The most specific code (lowest level term) describing the kind or sort of thing being represented."/><keyword><system value="http://ncimeta.nci.nih.gov"/><code value="C0332307"/></keyword><fhirVersion value="3.0.1"/><kind value="logical"/><abstract value="false"/><type value="shr-core-Type-model"/><baseDefinition value="http://hl7.org/fhir/StructureDefinition/Element"/><derivation value="specialization"/><snapshot><element id="shr-core-Type-model"><path value="shr-core-Type-model"/><definition value="The most specific code (lowest level term) describing the kind or sort of thing being represented."/><min value="0"/><max value="*"/><base><path value="shr-core-Type-model"/><min value="0"/><max value="*"/></base><mustSupport value="false"/><isModifier value="false"/><isSummary value="false"/></element><element id="shr-core-Type-model.value"><path value="shr-core-Type-model.value"/><short value="Code representing the most specific code (lowest level term) describing the kind or sort of thing being represented."/><definition value="Code representing the most specific code (lowest level term) describing the kind or sort of thing being represented."/><min value="1"/><max value="1"/><base><path value="shr-core-Type-model.value"/><min value="1"/><max value="1"/></base><type><code value="Coding"/></type><mustSupport value="false"/><isModifier value="false"/><isSummary value="false"/></element></snapshot><differential><element id="shr-core-Type-model"><path value="shr-core-Type-model"/><definition value="The most specific code (lowest level term) describing the kind or sort of thing being represented."/><min value="0"/><max value="*"/><base><path value="shr-core-Type-model"/><min value="0"/><max value="*"/></base><mustSupport value="false"/><isModifier value="false"/><isSummary value="false"/></element><element id="shr-core-Type-model.value"><path value="shr-core-Type-model.value"/><short value="Code representing the most specific code (lowest level term) describing the kind or sort of thing being represented."/><definition value="Code representing the most specific code (lowest level term) describing the kind or sort of thing being represented."/><min value="1"/><max value="1"/><base><path value="shr-core-Type-model.value"/><min value="1"/><max value="1"/></base><type><code value="Coding"/></type><mustSupport value="false"/><isModifier value="false"/><isSummary value="false"/></element></differential></StructureDefinition>