<?xml version="1.0" encoding="UTF-8"?><ValueSet xmlns="http://hl7.org/fhir"><id value="cimi-entity-DeviceVS"/><text><status value="generated"/><div xmlns="http://www.w3.org/1999/xhtml">
<p><b>SW DeviceVS ValueSet</b></p>
<p>Codes describing medical devices.</p>
</div></text><url value="http://hl7.org/fhir/us/sw/ValueSet/cimi-entity-DeviceVS"/><identifier><system value="http://hl7.org/fhir/us/sw"/><value value="cimi.entity.DeviceVS"/></identifier><version value="1.0.0"/><name value="DeviceVS"/><title value="SW DeviceVS ValueSet"/><status value="draft"/><date value="2018-08-17T00:00:00-04:00"/><publisher value="HL7 Patient Care and Clinical Information Modeling Initiative Work Groups"/><contact><telecom><system value="url"/><value value="http://standardhealthrecord.org"/></telecom></contact><description value="Codes describing medical devices."/><compose><include><system value="http://snomed.info/sct"/><filter><property value="concept"/><op value="is-a"/><value value="49062001"/></filter></include></compose></ValueSet>