{
  "resourceType": "StructureDefinition",
  "id": "cimi-statement-Abatement-model",
  "text": {
    "status": "generated",
    "div": "<div xmlns=\"http://www.w3.org/1999/xhtml\">\n  <p><b>SW Abatement Logical Model</b></p>\n  <p>The end, remission or resolution.</p>\n</div>"
  },
  "url": "http://hl7.org/fhir/us/sw/StructureDefinition/cimi-statement-Abatement-model",
  "identifier": [
    {
      "system": "http://hl7.org/fhir/us/sw",
      "value": "cimi.statement.Abatement"
    }
  ],
  "version": "1.0.0",
  "name": "AbatementModel",
  "title": "SW Abatement Logical Model",
  "status": "draft",
  "date": "2018-08-17T00:00:00-04:00",
  "publisher": "HL7 Patient Care and Clinical Information Modeling Initiative Work Groups",
  "contact": [
    {
      "telecom": [
        {
          "system": "url",
          "value": "http://standardhealthrecord.org"
        }
      ]
    }
  ],
  "description": "The end, remission or resolution.",
  "keyword": [
    {
      "system": "http://loinc.org",
      "code": "88878-4"
    }
  ],
  "kind": "logical",
  "abstract": false,
  "type": "cimi-statement-Abatement-model",
  "baseDefinition": "http://hl7.org/fhir/StructureDefinition/Element",
  "derivation": "specialization",
  "snapshot": {
    "element": [
      {
        "id": "cimi-statement-Abatement-model",
        "path": "cimi-statement-Abatement-model",
        "definition": "The end, remission or resolution.",
        "min": 0,
        "max": "*",
        "base": {
          "path": "cimi-statement-Abatement-model",
          "min": 0,
          "max": "*"
        },
        "mustSupport": false,
        "isModifier": false,
        "isSummary": false
      },
      {
        "id": "cimi-statement-Abatement-model.value[x]",
        "path": "cimi-statement-Abatement-model.value[x]",
        "short": "Choice of types representing the end, remission or resolution.",
        "definition": "Choice of types representing the end, remission or resolution.",
        "min": 1,
        "max": "1",
        "base": {
          "path": "cimi-statement-Abatement-model.value[x]",
          "min": 1,
          "max": "1"
        },
        "type": [
          {
            "code": "dateTime"
          },
          {
            "code": "http://hl7.org/fhir/us/sw/StructureDefinition/shr-core-Age-model"
          },
          {
            "code": "boolean"
          },
          {
            "code": "http://hl7.org/fhir/us/sw/StructureDefinition/shr-core-TimePeriod-model"
          },
          {
            "code": "http://hl7.org/fhir/us/sw/StructureDefinition/shr-core-Range-model"
          },
          {
            "code": "string"
          }
        ],
        "mustSupport": false,
        "isModifier": false,
        "isSummary": false
      }
    ]
  },
  "differential": {
    "element": [
      {
        "id": "cimi-statement-Abatement-model",
        "path": "cimi-statement-Abatement-model",
        "definition": "The end, remission or resolution.",
        "min": 0,
        "max": "*",
        "base": {
          "path": "cimi-statement-Abatement-model",
          "min": 0,
          "max": "*"
        },
        "mustSupport": false,
        "isModifier": false,
        "isSummary": false
      },
      {
        "id": "cimi-statement-Abatement-model.value[x]",
        "path": "cimi-statement-Abatement-model.value[x]",
        "short": "Choice of types representing the end, remission or resolution.",
        "definition": "Choice of types representing the end, remission or resolution.",
        "min": 1,
        "max": "1",
        "base": {
          "path": "cimi-statement-Abatement-model.value[x]",
          "min": 1,
          "max": "1"
        },
        "type": [
          {
            "code": "dateTime"
          },
          {
            "code": "http://hl7.org/fhir/us/sw/StructureDefinition/shr-core-Age-model"
          },
          {
            "code": "boolean"
          },
          {
            "code": "http://hl7.org/fhir/us/sw/StructureDefinition/shr-core-TimePeriod-model"
          },
          {
            "code": "http://hl7.org/fhir/us/sw/StructureDefinition/shr-core-Range-model"
          },
          {
            "code": "string"
          }
        ],
        "mustSupport": false,
        "isModifier": false,
        "isSummary": false
      }
    ]
  }
}