{
  "resourceType": "StructureDefinition",
  "id": "cimi-statement-ConditionIdentifier-model",
  "text": {
    "status": "generated",
    "div": "<div xmlns=\"http://www.w3.org/1999/xhtml\">\n  <p><b>SW ConditionIdentifier Logical Model</b></p>\n  <p>A human-readable identifier for the condition at the finding site, for example, a wound number or tumor identifier.</p>\n</div>"
  },
  "url": "http://hl7.org/fhir/us/sw/StructureDefinition/cimi-statement-ConditionIdentifier-model",
  "identifier": [
    {
      "system": "http://hl7.org/fhir/us/sw",
      "value": "cimi.statement.ConditionIdentifier"
    }
  ],
  "version": "1.0.0",
  "name": "ConditionIdentifierModel",
  "title": "SW ConditionIdentifier Logical Model",
  "status": "draft",
  "date": "2018-08-17T00:00:00-04:00",
  "publisher": "HL7 Patient Care and Clinical Information Modeling Initiative Work Groups",
  "contact": [
    {
      "telecom": [
        {
          "system": "url",
          "value": "http://standardhealthrecord.org"
        }
      ]
    }
  ],
  "description": "A human-readable identifier for the condition at the finding site, for example, a wound number or tumor identifier.",
  "kind": "logical",
  "abstract": false,
  "type": "cimi-statement-ConditionIdentifier-model",
  "baseDefinition": "http://hl7.org/fhir/StructureDefinition/Element",
  "derivation": "specialization",
  "snapshot": {
    "element": [
      {
        "id": "cimi-statement-ConditionIdentifier-model",
        "path": "cimi-statement-ConditionIdentifier-model",
        "definition": "A human-readable identifier for the condition at the finding site, for example, a wound number or tumor identifier.",
        "min": 0,
        "max": "*",
        "base": {
          "path": "cimi-statement-ConditionIdentifier-model",
          "min": 0,
          "max": "*"
        },
        "mustSupport": false,
        "isModifier": false,
        "isSummary": false
      },
      {
        "id": "cimi-statement-ConditionIdentifier-model.value",
        "path": "cimi-statement-ConditionIdentifier-model.value",
        "short": "String representing a human-readable identifier for the condition at the finding site, for example, a wound number or tumor identifier.",
        "definition": "String representing a human-readable identifier for the condition at the finding site, for example, a wound number or tumor identifier.",
        "min": 1,
        "max": "1",
        "base": {
          "path": "cimi-statement-ConditionIdentifier-model.value",
          "min": 1,
          "max": "1"
        },
        "type": [
          {
            "code": "string"
          }
        ],
        "mustSupport": false,
        "isModifier": false,
        "isSummary": false
      }
    ]
  },
  "differential": {
    "element": [
      {
        "id": "cimi-statement-ConditionIdentifier-model",
        "path": "cimi-statement-ConditionIdentifier-model",
        "definition": "A human-readable identifier for the condition at the finding site, for example, a wound number or tumor identifier.",
        "min": 0,
        "max": "*",
        "base": {
          "path": "cimi-statement-ConditionIdentifier-model",
          "min": 0,
          "max": "*"
        },
        "mustSupport": false,
        "isModifier": false,
        "isSummary": false
      },
      {
        "id": "cimi-statement-ConditionIdentifier-model.value",
        "path": "cimi-statement-ConditionIdentifier-model.value",
        "short": "String representing a human-readable identifier for the condition at the finding site, for example, a wound number or tumor identifier.",
        "definition": "String representing a human-readable identifier for the condition at the finding site, for example, a wound number or tumor identifier.",
        "min": 1,
        "max": "1",
        "base": {
          "path": "cimi-statement-ConditionIdentifier-model.value",
          "min": 1,
          "max": "1"
        },
        "type": [
          {
            "code": "string"
          }
        ],
        "mustSupport": false,
        "isModifier": false,
        "isSummary": false
      }
    ]
  }
}