{
  "resourceType": "StructureDefinition",
  "id": "cimi-entity-AdministrativeGender-model",
  "text": {
    "status": "generated",
    "div": "<div xmlns=\"http://www.w3.org/1999/xhtml\">\n  <p><b>SW AdministrativeGender Logical Model</b></p>\n  <p>A gender classification used for administrative purposes. Administrative gender is not necessarily the same as a biological description or a gender identity. This attribute does not include terms related to clinical gender.</p>\n</div>"
  },
  "url": "http://hl7.org/fhir/us/sw/StructureDefinition/cimi-entity-AdministrativeGender-model",
  "identifier": [
    {
      "system": "http://hl7.org/fhir/us/sw",
      "value": "cimi.entity.AdministrativeGender"
    }
  ],
  "version": "1.0.0",
  "name": "AdministrativeGenderModel",
  "title": "SW AdministrativeGender Logical Model",
  "status": "draft",
  "date": "2018-08-17T00:00:00-04:00",
  "publisher": "HL7 Patient Care and Clinical Information Modeling Initiative Work Groups",
  "contact": [
    {
      "telecom": [
        {
          "system": "url",
          "value": "http://standardhealthrecord.org"
        }
      ]
    }
  ],
  "description": "A gender classification used for administrative purposes. Administrative gender is not necessarily the same as a biological description or a gender identity. This attribute does not include terms related to clinical gender.",
  "keyword": [
    {
      "system": "http://ncimeta.nci.nih.gov",
      "code": "C1550327"
    }
  ],
  "kind": "logical",
  "abstract": false,
  "type": "cimi-entity-AdministrativeGender-model",
  "baseDefinition": "http://hl7.org/fhir/StructureDefinition/Element",
  "derivation": "specialization",
  "snapshot": {
    "element": [
      {
        "id": "cimi-entity-AdministrativeGender-model",
        "path": "cimi-entity-AdministrativeGender-model",
        "definition": "A gender classification used for administrative purposes. Administrative gender is not necessarily the same as a biological description or a gender identity. This attribute does not include terms related to clinical gender.",
        "min": 0,
        "max": "*",
        "base": {
          "path": "cimi-entity-AdministrativeGender-model",
          "min": 0,
          "max": "*"
        },
        "mustSupport": false,
        "isModifier": false,
        "isSummary": false
      },
      {
        "id": "cimi-entity-AdministrativeGender-model.value",
        "path": "cimi-entity-AdministrativeGender-model.value",
        "short": "Code representing a gender classification used for administrative purposes. Administrative gender is not necessarily the same as a biological description or a gender identity. This attribute does not include terms related to clinical gender.",
        "definition": "Code representing a gender classification used for administrative purposes. Administrative gender is not necessarily the same as a biological description or a gender identity. This attribute does not include terms related to clinical gender.",
        "min": 1,
        "max": "1",
        "base": {
          "path": "cimi-entity-AdministrativeGender-model.value",
          "min": 1,
          "max": "1"
        },
        "type": [
          {
            "code": "code"
          }
        ],
        "mustSupport": false,
        "isModifier": false,
        "isSummary": false,
        "binding": {
          "strength": "required",
          "valueSetReference": {
            "reference": "http://hl7.org/fhir/ValueSet/administrative-gender"
          }
        }
      }
    ]
  },
  "differential": {
    "element": [
      {
        "id": "cimi-entity-AdministrativeGender-model",
        "path": "cimi-entity-AdministrativeGender-model",
        "definition": "A gender classification used for administrative purposes. Administrative gender is not necessarily the same as a biological description or a gender identity. This attribute does not include terms related to clinical gender.",
        "min": 0,
        "max": "*",
        "base": {
          "path": "cimi-entity-AdministrativeGender-model",
          "min": 0,
          "max": "*"
        },
        "mustSupport": false,
        "isModifier": false,
        "isSummary": false
      },
      {
        "id": "cimi-entity-AdministrativeGender-model.value",
        "path": "cimi-entity-AdministrativeGender-model.value",
        "short": "Code representing a gender classification used for administrative purposes. Administrative gender is not necessarily the same as a biological description or a gender identity. This attribute does not include terms related to clinical gender.",
        "definition": "Code representing a gender classification used for administrative purposes. Administrative gender is not necessarily the same as a biological description or a gender identity. This attribute does not include terms related to clinical gender.",
        "min": 1,
        "max": "1",
        "base": {
          "path": "cimi-entity-AdministrativeGender-model.value",
          "min": 1,
          "max": "1"
        },
        "type": [
          {
            "code": "code"
          }
        ],
        "mustSupport": false,
        "isModifier": false,
        "isSummary": false,
        "binding": {
          "strength": "required",
          "valueSetReference": {
            "reference": "http://hl7.org/fhir/ValueSet/administrative-gender"
          }
        }
      }
    ]
  }
}