{
  "resourceType": "StructureDefinition",
  "id": "cimi-entity-DoseForm-model",
  "text": {
    "status": "generated",
    "div": "<div xmlns=\"http://www.w3.org/1999/xhtml\">\n  <p><b>SW DoseForm Logical Model</b></p>\n  <p>The form in which active and/or inert ingredient(s) are physically presented.</p>\n</div>"
  },
  "url": "http://hl7.org/fhir/us/sw/StructureDefinition/cimi-entity-DoseForm-model",
  "identifier": [
    {
      "system": "http://hl7.org/fhir/us/sw",
      "value": "cimi.entity.DoseForm"
    }
  ],
  "version": "1.0.0",
  "name": "DoseFormModel",
  "title": "SW DoseForm Logical Model",
  "status": "draft",
  "date": "2018-08-17T00:00:00-04:00",
  "publisher": "HL7 Patient Care and Clinical Information Modeling Initiative Work Groups",
  "contact": [
    {
      "telecom": [
        {
          "system": "url",
          "value": "http://standardhealthrecord.org"
        }
      ]
    }
  ],
  "description": "The form in which active and/or inert ingredient(s) are physically presented.",
  "keyword": [
    {
      "system": "http://ncimeta.nci.nih.gov",
      "code": "C0013058"
    }
  ],
  "kind": "logical",
  "abstract": false,
  "type": "cimi-entity-DoseForm-model",
  "baseDefinition": "http://hl7.org/fhir/StructureDefinition/Element",
  "derivation": "specialization",
  "snapshot": {
    "element": [
      {
        "id": "cimi-entity-DoseForm-model",
        "path": "cimi-entity-DoseForm-model",
        "definition": "The form in which active and/or inert ingredient(s) are physically presented.",
        "min": 0,
        "max": "*",
        "base": {
          "path": "cimi-entity-DoseForm-model",
          "min": 0,
          "max": "*"
        },
        "mustSupport": false,
        "isModifier": false,
        "isSummary": false
      },
      {
        "id": "cimi-entity-DoseForm-model.value",
        "path": "cimi-entity-DoseForm-model.value",
        "short": "Code representing the form in which active and/or inert ingredient(s) are physically presented.",
        "definition": "Code representing the form in which active and/or inert ingredient(s) are physically presented.",
        "min": 1,
        "max": "1",
        "base": {
          "path": "cimi-entity-DoseForm-model.value",
          "min": 1,
          "max": "1"
        },
        "type": [
          {
            "code": "Coding"
          }
        ],
        "mustSupport": false,
        "isModifier": false,
        "isSummary": false,
        "binding": {
          "strength": "required",
          "valueSetReference": {
            "reference": "http://hl7.org/fhir/ValueSet/medication-form-codes"
          }
        }
      }
    ]
  },
  "differential": {
    "element": [
      {
        "id": "cimi-entity-DoseForm-model",
        "path": "cimi-entity-DoseForm-model",
        "definition": "The form in which active and/or inert ingredient(s) are physically presented.",
        "min": 0,
        "max": "*",
        "base": {
          "path": "cimi-entity-DoseForm-model",
          "min": 0,
          "max": "*"
        },
        "mustSupport": false,
        "isModifier": false,
        "isSummary": false
      },
      {
        "id": "cimi-entity-DoseForm-model.value",
        "path": "cimi-entity-DoseForm-model.value",
        "short": "Code representing the form in which active and/or inert ingredient(s) are physically presented.",
        "definition": "Code representing the form in which active and/or inert ingredient(s) are physically presented.",
        "min": 1,
        "max": "1",
        "base": {
          "path": "cimi-entity-DoseForm-model.value",
          "min": 1,
          "max": "1"
        },
        "type": [
          {
            "code": "Coding"
          }
        ],
        "mustSupport": false,
        "isModifier": false,
        "isSummary": false,
        "binding": {
          "strength": "required",
          "valueSetReference": {
            "reference": "http://hl7.org/fhir/ValueSet/medication-form-codes"
          }
        }
      }
    ]
  }
}