{
  "resourceType": "StructureDefinition",
  "id": "cimi-element-Suffix-model",
  "text": {
    "status": "generated",
    "div": "<div xmlns=\"http://www.w3.org/1999/xhtml\">\n  <p><b>SW Suffix Logical Model</b></p>\n  <p>Part of the name that is acquired as a title due to academic, legal, employment or nobility status, etc. and that appears at the end of the name.</p>\n</div>"
  },
  "url": "http://hl7.org/fhir/us/sw/StructureDefinition/cimi-element-Suffix-model",
  "identifier": [
    {
      "system": "http://hl7.org/fhir/us/sw",
      "value": "cimi.element.Suffix"
    }
  ],
  "version": "1.0.0",
  "name": "SuffixModel",
  "title": "SW Suffix Logical Model",
  "status": "draft",
  "date": "2018-08-17T00:00:00-04:00",
  "publisher": "HL7 Patient Care and Clinical Information Modeling Initiative Work Groups",
  "contact": [
    {
      "telecom": [
        {
          "system": "url",
          "value": "http://standardhealthrecord.org"
        }
      ]
    }
  ],
  "description": "Part of the name that is acquired as a title due to academic, legal, employment or nobility status, etc. and that appears at the end of the name.",
  "keyword": [
    {
      "system": "http://loinc.org",
      "code": "45395-1"
    },
    {
      "system": "http://snomed.info/sct",
      "code": "715196001"
    }
  ],
  "kind": "logical",
  "abstract": false,
  "type": "cimi-element-Suffix-model",
  "baseDefinition": "http://hl7.org/fhir/StructureDefinition/Element",
  "derivation": "specialization",
  "snapshot": {
    "element": [
      {
        "id": "cimi-element-Suffix-model",
        "path": "cimi-element-Suffix-model",
        "definition": "Part of the name that is acquired as a title due to academic, legal, employment or nobility status, etc. and that appears at the end of the name.",
        "min": 0,
        "max": "*",
        "base": {
          "path": "cimi-element-Suffix-model",
          "min": 0,
          "max": "*"
        },
        "mustSupport": false,
        "isModifier": false,
        "isSummary": false
      },
      {
        "id": "cimi-element-Suffix-model.value",
        "path": "cimi-element-Suffix-model.value",
        "short": "String representing part of the name that is acquired as a title due to academic, legal, employment or nobility status, etc. and that appears at the end of the name.",
        "definition": "String representing part of the name that is acquired as a title due to academic, legal, employment or nobility status, etc. and that appears at the end of the name.",
        "min": 1,
        "max": "1",
        "base": {
          "path": "cimi-element-Suffix-model.value",
          "min": 1,
          "max": "1"
        },
        "type": [
          {
            "code": "string"
          }
        ],
        "mustSupport": false,
        "isModifier": false,
        "isSummary": false
      }
    ]
  },
  "differential": {
    "element": [
      {
        "id": "cimi-element-Suffix-model",
        "path": "cimi-element-Suffix-model",
        "definition": "Part of the name that is acquired as a title due to academic, legal, employment or nobility status, etc. and that appears at the end of the name.",
        "min": 0,
        "max": "*",
        "base": {
          "path": "cimi-element-Suffix-model",
          "min": 0,
          "max": "*"
        },
        "mustSupport": false,
        "isModifier": false,
        "isSummary": false
      },
      {
        "id": "cimi-element-Suffix-model.value",
        "path": "cimi-element-Suffix-model.value",
        "short": "String representing part of the name that is acquired as a title due to academic, legal, employment or nobility status, etc. and that appears at the end of the name.",
        "definition": "String representing part of the name that is acquired as a title due to academic, legal, employment or nobility status, etc. and that appears at the end of the name.",
        "min": 1,
        "max": "1",
        "base": {
          "path": "cimi-element-Suffix-model.value",
          "min": 1,
          "max": "1"
        },
        "type": [
          {
            "code": "string"
          }
        ],
        "mustSupport": false,
        "isModifier": false,
        "isSummary": false
      }
    ]
  }
}