{
  "resourceType": "StructureDefinition",
  "id": "sw-WoundEpisode-model",
  "text": {
    "status": "generated",
    "div": "<div xmlns=\"http://www.w3.org/1999/xhtml\">\n  <p><b>SW WoundEpisode Logical Model</b></p>\n  <p>Wound episode refers to a period of the wound, an incident in the course of a wound</p>\n</div>"
  },
  "url": "http://hl7.org/fhir/us/sw/StructureDefinition/sw-WoundEpisode-model",
  "identifier": [
    {
      "system": "http://hl7.org/fhir/us/sw",
      "value": "sw.WoundEpisode"
    }
  ],
  "version": "1.0.0",
  "name": "WoundEpisodeModel",
  "title": "SW WoundEpisode Logical Model",
  "status": "draft",
  "date": "2018-08-17T00:00:00-04:00",
  "publisher": "HL7 Patient Care and Clinical Information Modeling Initiative Work Groups",
  "contact": [
    {
      "telecom": [
        {
          "system": "url",
          "value": "http://standardhealthrecord.org"
        }
      ]
    }
  ],
  "description": "Wound episode refers to a period of the wound, an incident in the course of a wound",
  "keyword": [
    {
      "system": "http://loinc.org",
      "code": "89252-1",
      "display": "Episode of Wound"
    }
  ],
  "kind": "logical",
  "abstract": false,
  "type": "sw-WoundEpisode-model",
  "baseDefinition": "http://hl7.org/fhir/StructureDefinition/Element",
  "derivation": "specialization",
  "snapshot": {
    "element": [
      {
        "id": "sw-WoundEpisode-model",
        "path": "sw-WoundEpisode-model",
        "definition": "Wound episode refers to a period of the wound, an incident in the course of a wound",
        "min": 0,
        "max": "*",
        "base": {
          "path": "sw-WoundEpisode-model",
          "min": 0,
          "max": "*"
        },
        "mustSupport": false,
        "isModifier": false,
        "isSummary": false
      },
      {
        "id": "sw-WoundEpisode-model.value",
        "path": "sw-WoundEpisode-model.value",
        "short": "Code representing wound episode refers to a period of the wound, an incident in the course of a wound",
        "definition": "Code representing wound episode refers to a period of the wound, an incident in the course of a wound",
        "min": 1,
        "max": "1",
        "base": {
          "path": "sw-WoundEpisode-model.value",
          "min": 1,
          "max": "1"
        },
        "type": [
          {
            "code": "Coding"
          }
        ],
        "mustSupport": false,
        "isModifier": false,
        "isSummary": false,
        "binding": {
          "strength": "required",
          "valueSetReference": {
            "reference": "https://vsac.nlm.nih.gov/valueset/2.16.840.1.113762.1.4.1181.4/expansion"
          }
        }
      },
      {
        "id": "sw-WoundEpisode-model.topicCode",
        "path": "sw-WoundEpisode-model.topicCode",
        "short": "The concept representing the finding or action that is the topic of the statement.",
        "definition": "The concept representing the finding or action that is the topic of the statement.\n\nFor action topics, the TopicCode represents the action being described. For findings, the TopicCode represents the 'question' or property being investigated. For evaluation result findings, the TopicCode contains a concept for an observable entity, such as systolic blood pressure. For assertion findings, the TopicCode contains a code representing the condition, allergy, or other item being asserted. In all cases, the TopicCode describes the topic  of the action or the finding.",
        "min": 0,
        "max": "1",
        "base": {
          "path": "sw-WoundEpisode-model.topicCode",
          "min": 0,
          "max": "1"
        },
        "type": [
          {
            "code": "Coding"
          }
        ],
        "mustSupport": false,
        "isModifier": false,
        "isSummary": false
      },
      {
        "id": "sw-WoundEpisode-model.exceptionValue",
        "path": "sw-WoundEpisode-model.exceptionValue",
        "short": "Reason that a value associated with a test or other finding is missing.",
        "definition": "Reason that a value associated with a test or other finding is missing.",
        "min": 0,
        "max": "1",
        "base": {
          "path": "sw-WoundEpisode-model.exceptionValue",
          "min": 0,
          "max": "1"
        },
        "type": [
          {
            "code": "Coding"
          }
        ],
        "mustSupport": false,
        "isModifier": false,
        "isSummary": false,
        "binding": {
          "strength": "extensible",
          "valueSetReference": {
            "reference": "http://hl7.org/fhir/ValueSet/data-absent-reason"
          }
        }
      },
      {
        "id": "sw-WoundEpisode-model.interpretation",
        "path": "sw-WoundEpisode-model.interpretation",
        "code": [
          {
            "system": "http://ncimeta.nci.nih.gov",
            "code": "C0420833"
          }
        ],
        "short": "A clinical interpretation of a finding (applies to both assertions and observation).",
        "definition": "A clinical interpretation of a finding (applies to both assertions and observation).",
        "min": 0,
        "max": "1",
        "base": {
          "path": "sw-WoundEpisode-model.interpretation",
          "min": 0,
          "max": "1"
        },
        "type": [
          {
            "code": "Coding"
          }
        ],
        "mustSupport": false,
        "isModifier": false,
        "isSummary": false,
        "binding": {
          "strength": "extensible",
          "valueSetReference": {
            "reference": "http://hl7.org/fhir/ValueSet/observation-interpretation"
          }
        }
      },
      {
        "id": "sw-WoundEpisode-model.referenceRange",
        "path": "sw-WoundEpisode-model.referenceRange",
        "code": [
          {
            "system": "http://ncimeta.nci.nih.gov",
            "code": "C0883335"
          }
        ],
        "short": "The usual or acceptable range for a test result.",
        "definition": "The usual or acceptable range for a test result.",
        "min": 0,
        "max": "0",
        "base": {
          "path": "sw-WoundEpisode-model.referenceRange",
          "min": 0,
          "max": "0"
        },
        "type": [
          {
            "code": "http://hl7.org/fhir/us/sw/StructureDefinition/cimi-statement-ReferenceRange-model"
          }
        ],
        "mustSupport": false,
        "isModifier": false,
        "isSummary": false
      }
    ]
  },
  "differential": {
    "element": [
      {
        "id": "sw-WoundEpisode-model",
        "path": "sw-WoundEpisode-model",
        "definition": "Wound episode refers to a period of the wound, an incident in the course of a wound",
        "min": 0,
        "max": "*",
        "base": {
          "path": "sw-WoundEpisode-model",
          "min": 0,
          "max": "*"
        },
        "mustSupport": false,
        "isModifier": false,
        "isSummary": false
      },
      {
        "id": "sw-WoundEpisode-model.value",
        "path": "sw-WoundEpisode-model.value",
        "short": "Code representing wound episode refers to a period of the wound, an incident in the course of a wound",
        "definition": "Code representing wound episode refers to a period of the wound, an incident in the course of a wound",
        "min": 1,
        "max": "1",
        "base": {
          "path": "sw-WoundEpisode-model.value",
          "min": 1,
          "max": "1"
        },
        "type": [
          {
            "code": "Coding"
          }
        ],
        "mustSupport": false,
        "isModifier": false,
        "isSummary": false,
        "binding": {
          "strength": "required",
          "valueSetReference": {
            "reference": "https://vsac.nlm.nih.gov/valueset/2.16.840.1.113762.1.4.1181.4/expansion"
          }
        }
      },
      {
        "id": "sw-WoundEpisode-model.topicCode",
        "path": "sw-WoundEpisode-model.topicCode",
        "short": "The concept representing the finding or action that is the topic of the statement.",
        "definition": "The concept representing the finding or action that is the topic of the statement.\n\nFor action topics, the TopicCode represents the action being described. For findings, the TopicCode represents the 'question' or property being investigated. For evaluation result findings, the TopicCode contains a concept for an observable entity, such as systolic blood pressure. For assertion findings, the TopicCode contains a code representing the condition, allergy, or other item being asserted. In all cases, the TopicCode describes the topic  of the action or the finding.",
        "min": 0,
        "max": "1",
        "base": {
          "path": "sw-WoundEpisode-model.topicCode",
          "min": 0,
          "max": "1"
        },
        "type": [
          {
            "code": "Coding"
          }
        ],
        "mustSupport": false,
        "isModifier": false,
        "isSummary": false
      },
      {
        "id": "sw-WoundEpisode-model.exceptionValue",
        "path": "sw-WoundEpisode-model.exceptionValue",
        "short": "Reason that a value associated with a test or other finding is missing.",
        "definition": "Reason that a value associated with a test or other finding is missing.",
        "min": 0,
        "max": "1",
        "base": {
          "path": "sw-WoundEpisode-model.exceptionValue",
          "min": 0,
          "max": "1"
        },
        "type": [
          {
            "code": "Coding"
          }
        ],
        "mustSupport": false,
        "isModifier": false,
        "isSummary": false,
        "binding": {
          "strength": "extensible",
          "valueSetReference": {
            "reference": "http://hl7.org/fhir/ValueSet/data-absent-reason"
          }
        }
      },
      {
        "id": "sw-WoundEpisode-model.interpretation",
        "path": "sw-WoundEpisode-model.interpretation",
        "code": [
          {
            "system": "http://ncimeta.nci.nih.gov",
            "code": "C0420833"
          }
        ],
        "short": "A clinical interpretation of a finding (applies to both assertions and observation).",
        "definition": "A clinical interpretation of a finding (applies to both assertions and observation).",
        "min": 0,
        "max": "1",
        "base": {
          "path": "sw-WoundEpisode-model.interpretation",
          "min": 0,
          "max": "1"
        },
        "type": [
          {
            "code": "Coding"
          }
        ],
        "mustSupport": false,
        "isModifier": false,
        "isSummary": false,
        "binding": {
          "strength": "extensible",
          "valueSetReference": {
            "reference": "http://hl7.org/fhir/ValueSet/observation-interpretation"
          }
        }
      },
      {
        "id": "sw-WoundEpisode-model.referenceRange",
        "path": "sw-WoundEpisode-model.referenceRange",
        "code": [
          {
            "system": "http://ncimeta.nci.nih.gov",
            "code": "C0883335"
          }
        ],
        "short": "The usual or acceptable range for a test result.",
        "definition": "The usual or acceptable range for a test result.",
        "min": 0,
        "max": "0",
        "base": {
          "path": "sw-WoundEpisode-model.referenceRange",
          "min": 0,
          "max": "0"
        },
        "type": [
          {
            "code": "http://hl7.org/fhir/us/sw/StructureDefinition/cimi-statement-ReferenceRange-model"
          }
        ],
        "mustSupport": false,
        "isModifier": false,
        "isSummary": false
      }
    ]
  }
}